lum_change,coh_change,dnbr,binary_product
/Bhaltos/ASHWATH/SAR_data_formatted_v2/lum_change/2282_20200508_20200520_DeltaLumin_100m.tif,/Bhaltos/ASHWATH/SAR_data_formatted_v2/coh_change/2282_20200426_20200508_20200520_cohChange.tif,/Bhaltos/ASHWATH/SAR_data_formatted_v2/dnbr/S2B_L2A_T12SVC_2282_20200507T180909_20200708T175921_100m_DNBR.TIF,/Bhaltos/ASHWATH/SAR_data_formatted_v2/binary_products/2282_FIREDpy_sar_combined_20200508_20200520.tif
/Bhaltos/ASHWATH/SAR_data_formatted_v2/lum_change/2282_20200520_20200601_DeltaLumin_100m.tif,/Bhaltos/ASHWATH/SAR_data_formatted_v2/coh_change/2282_20200508_20200520_20200601_cohChange.tif,/Bhaltos/ASHWATH/SAR_data_formatted_v2/dnbr/S2B_L2A_T12SVC_2282_20200603T175909_20200708T175921_100m_DNBR.TIF,/Bhaltos/ASHWATH/SAR_data_formatted_v2/binary_products/2282_FIREDpy_sar_combined_20200520_20200601.tif
/Bhaltos/ASHWATH/SAR_data_formatted_v2/lum_change/2282_20200601_20200613_DeltaLumin_100m.tif,/Bhaltos/ASHWATH/SAR_data_formatted_v2/coh_change/2282_20200520_20200601_20200613_cohChange.tif,/Bhaltos/ASHWATH/SAR_data_formatted_v2/dnbr/S2B_L2A_T12SVC_2282_20200603T175909_20200708T175921_100m_DNBR.TIF,/Bhaltos/ASHWATH/SAR_data_formatted_v2/binary_products/2282_FIREDpy_sar_combined_20200601_20200613.tif
/Bhaltos/ASHWATH/SAR_data_formatted_v2/lum_change/2282_20200613_20200625_DeltaLumin_100m.tif,/Bhaltos/ASHWATH/SAR_data_formatted_v2/coh_change/2282_20200601_20200613_20200625_cohChange.tif,/Bhaltos/ASHWATH/SAR_data_formatted_v2/dnbr/S2B_L2A_T12SVC_2282_20200603T175909_20200623T175919_100m_DNBR.TIF,/Bhaltos/ASHWATH/SAR_data_formatted_v2/binary_products/2282_FIREDpy_sar_combined_20200613_20200625.tif
/Bhaltos/ASHWATH/SAR_data_formatted_v2/lum_change/2282_20200625_20200707_DeltaLumin_100m.tif,/Bhaltos/ASHWATH/SAR_data_formatted_v2/coh_change/2282_20200613_20200625_20200707_cohChange.tif,/Bhaltos/ASHWATH/SAR_data_formatted_v2/dnbr/S2B_L2A_T12SVC_2282_20200603T175909_20200706T180919_100m_DNBR.TIF,/Bhaltos/ASHWATH/SAR_data_formatted_v2/binary_products/2282_FIREDpy_sar_combined_20200625_20200707.tif
/Bhaltos/ASHWATH/SAR_data_formatted_v2/lum_change/2282_20200707_20200719_DeltaLumin_100m.tif,/Bhaltos/ASHWATH/SAR_data_formatted_v2/coh_change/2282_20200625_20200707_20200719_cohChange.tif,/Bhaltos/ASHWATH/SAR_data_formatted_v2/dnbr/S2B_L2A_T12SVC_2282_20200603T175909_20200706T180919_100m_DNBR.TIF,/Bhaltos/ASHWATH/SAR_data_formatted_v2/binary_products/2282_FIREDpy_sar_combined_20200707_20200719.tif
/Bhaltos/ASHWATH/SAR_data_formatted_v2/lum_change/2282_20200719_20200731_DeltaLumin_100m.tif,/Bhaltos/ASHWATH/SAR_data_formatted_v2/coh_change/2282_20200707_20200719_20200731_cohChange.tif,/Bhaltos/ASHWATH/SAR_data_formatted_v2/dnbr/S2B_L2A_T12SVC_2282_20200603T175909_20200718T175921_100m_DNBR.TIF,/Bhaltos/ASHWATH/SAR_data_formatted_v2/binary_products/2282_FIREDpy_sar_combined_20200719_20200731.tif
/Bhaltos/ASHWATH/SAR_data_formatted_v2/lum_change/2282_20200731_20200812_DeltaLumin_100m.tif,/Bhaltos/ASHWATH/SAR_data_formatted_v2/coh_change/2282_20200719_20200731_20200812_cohChange.tif,/Bhaltos/ASHWATH/SAR_data_formatted_v2/dnbr/S2B_L2A_T12SVC_2282_20200603T175909_20200731T180921_100m_DNBR.TIF,/Bhaltos/ASHWATH/SAR_data_formatted_v2/binary_products/2282_FIREDpy_sar_combined_20200731_20200812.tif
/Bhaltos/ASHWATH/SAR_data_formatted_v2/lum_change/2614_20200713_20200725_DeltaLumin_100m.tif,/Bhaltos/ASHWATH/SAR_data_formatted_v2/coh_change/2614_20200701_20200713_20200725_cohChange.tif,/Bhaltos/ASHWATH/SAR_data_formatted_v2/dnbr/S2B_L2A_T10TEK_2614_20200728T184919_20201024T190451_100m_DNBR.TIF,/Bhaltos/ASHWATH/SAR_data_formatted_v2/binary_products/2614_FIREDpy_sar_combined_20200713_20200725.tif
/Bhaltos/ASHWATH/SAR_data_formatted_v2/lum_change/2614_20200725_20200806_DeltaLumin_100m.tif,/Bhaltos/ASHWATH/SAR_data_formatted_v2/coh_change/2614_20200713_20200725_20200806_cohChange.tif,/Bhaltos/ASHWATH/SAR_data_formatted_v2/dnbr/S2B_L2A_T10TEK_2614_20200728T184919_20201024T190451_100m_DNBR.TIF,/Bhaltos/ASHWATH/SAR_data_formatted_v2/binary_products/2614_FIREDpy_sar_combined_20200725_20200806.tif
/Bhaltos/ASHWATH/SAR_data_formatted_v2/lum_change/2614_20200806_20200818_DeltaLumin_100m.tif,/Bhaltos/ASHWATH/SAR_data_formatted_v2/coh_change/2614_20200725_20200806_20200818_cohChange.tif,/Bhaltos/ASHWATH/SAR_data_formatted_v2/dnbr/S2B_L2A_T10TEK_2614_20200718T184919_20200815T185921_100m_DNBR.TIF,/Bhaltos/ASHWATH/SAR_data_formatted_v2/binary_products/2614_FIREDpy_sar_combined_20200806_20200818.tif
/Bhaltos/ASHWATH/SAR_data_formatted_v2/lum_change/2614_20200818_20200830_DeltaLumin_100m.tif,/Bhaltos/ASHWATH/SAR_data_formatted_v2/coh_change/2614_20200806_20200818_20200830_cohChange.tif,/Bhaltos/ASHWATH/SAR_data_formatted_v2/dnbr/S2B_L2A_T10TEK_2614_20200718T184919_20200815T185921_100m_DNBR.TIF,/Bhaltos/ASHWATH/SAR_data_formatted_v2/binary_products/2614_FIREDpy_sar_combined_20200818_20200830.tif
/Bhaltos/ASHWATH/SAR_data_formatted_v2/lum_change/2614_20200830_20200911_DeltaLumin_100m.tif,/Bhaltos/ASHWATH/SAR_data_formatted_v2/coh_change/2614_20200818_20200830_20200911_cohChange.tif,/Bhaltos/ASHWATH/SAR_data_formatted_v2/dnbr/S2B_L2A_T10SEJ_2614_20200708T184919_20200914T190021_100m_DNBR.TIF,/Bhaltos/ASHWATH/SAR_data_formatted_v2/binary_products/2614_FIREDpy_sar_combined_20200830_20200911.tif
/Bhaltos/ASHWATH/SAR_data_formatted_v2/lum_change/2614_20200911_20200923_DeltaLumin_100m.tif,/Bhaltos/ASHWATH/SAR_data_formatted_v2/coh_change/2614_20200830_20200911_20200923_cohChange.tif,/Bhaltos/ASHWATH/SAR_data_formatted_v2/dnbr/S2B_L2A_T10SEJ_2614_20200708T184919_20200914T190021_100m_DNBR.TIF,/Bhaltos/ASHWATH/SAR_data_formatted_v2/binary_products/2614_FIREDpy_sar_combined_20200911_20200923.tif
/Bhaltos/ASHWATH/SAR_data_formatted_v2/lum_change/2614_20200923_20201005_DeltaLumin_100m.tif,/Bhaltos/ASHWATH/SAR_data_formatted_v2/coh_change/2614_20200911_20200923_20201005_cohChange.tif,/Bhaltos/ASHWATH/SAR_data_formatted_v2/dnbr/S2B_L2A_T10TEK_2614_20200718T184919_20201004T190241_100m_DNBR.TIF,/Bhaltos/ASHWATH/SAR_data_formatted_v2/binary_products/2614_FIREDpy_sar_combined_20200923_20201005.tif
/Bhaltos/ASHWATH/SAR_data_formatted_v2/lum_change/2614_20201005_20201017_DeltaLumin_100m.tif,/Bhaltos/ASHWATH/SAR_data_formatted_v2/coh_change/2614_20200923_20201005_20201017_cohChange.tif,/Bhaltos/ASHWATH/SAR_data_formatted_v2/dnbr/S2B_L2A_T10TEK_2614_20200718T184919_20201004T190241_100m_DNBR.TIF,/Bhaltos/ASHWATH/SAR_data_formatted_v2/binary_products/2614_FIREDpy_sar_combined_20201005_20201017.tif
/Bhaltos/ASHWATH/SAR_data_formatted_v2/lum_change/2614_20201017_20201029_DeltaLumin_100m.tif,/Bhaltos/ASHWATH/SAR_data_formatted_v2/coh_change/2614_20201005_20201017_20201029_cohChange.tif,/Bhaltos/ASHWATH/SAR_data_formatted_v2/dnbr/S2B_L2A_T10SEJ_2614_20200708T184919_20201029T190519_100m_DNBR.TIF,/Bhaltos/ASHWATH/SAR_data_formatted_v2/binary_products/2614_FIREDpy_sar_combined_20201017_20201029.tif
/Bhaltos/ASHWATH/SAR_data_formatted_v2/lum_change/2614_20201029_20201110_DeltaLumin_100m.tif,/Bhaltos/ASHWATH/SAR_data_formatted_v2/coh_change/2614_20201017_20201029_20201110_cohChange.tif,/Bhaltos/ASHWATH/SAR_data_formatted_v2/dnbr/S2B_L2A_T10SEJ_2614_20200708T184919_20201029T190519_100m_DNBR.TIF,/Bhaltos/ASHWATH/SAR_data_formatted_v2/binary_products/2614_FIREDpy_sar_combined_20201029_20201110.tif
/Bhaltos/ASHWATH/SAR_data_formatted_v2/lum_change/2614_20201110_20201122_DeltaLumin_100m.tif,/Bhaltos/ASHWATH/SAR_data_formatted_v2/coh_change/2614_20201029_20201110_20201122_cohChange.tif,/Bhaltos/ASHWATH/SAR_data_formatted_v2/dnbr/S2B_L2A_T10TEK_2614_20200718T184919_20201031T185531_100m_DNBR.TIF,/Bhaltos/ASHWATH/SAR_data_formatted_v2/binary_products/2614_FIREDpy_sar_combined_20201110_20201122.tif
/Bhaltos/ASHWATH/SAR_data_formatted_v2/lum_change/280_20190422_20190504_DeltaLumin_100m.tif,/Bhaltos/ASHWATH/SAR_data_formatted_v2/coh_change/280_20190410_20190422_20190504_cohChange.tif,/Bhaltos/ASHWATH/SAR_data_formatted_v2/dnbr/S2B_L2A_T12VUH_280_20190418T185919_20190712T185921_100m_DNBR.TIF,/Bhaltos/ASHWATH/SAR_data_formatted_v2/binary_products/280_FIREDpy_sar_combined_20190422_20190504.tif
/Bhaltos/ASHWATH/SAR_data_formatted_v2/lum_change/280_20190427_20190509_DeltaLumin_100m.tif,/Bhaltos/ASHWATH/SAR_data_formatted_v2/coh_change/280_20190415_20190427_20190509_cohChange.tif,/Bhaltos/ASHWATH/SAR_data_formatted_v2/dnbr/S2B_L2A_T12VUH_280_20190418T185919_20190712T185921_100m_DNBR.TIF,/Bhaltos/ASHWATH/SAR_data_formatted_v2/binary_products/280_FIREDpy_sar_combined_20190427_20190509.tif
/Bhaltos/ASHWATH/SAR_data_formatted_v2/lum_change/280_20190429_20190511_DeltaLumin_100m.tif,/Bhaltos/ASHWATH/SAR_data_formatted_v2/coh_change/280_20190417_20190429_20190511_cohChange.tif,/Bhaltos/ASHWATH/SAR_data_formatted_v2/dnbr/S2B_L2A_T12VUH_280_20190418T185919_20190712T185921_100m_DNBR.TIF,/Bhaltos/ASHWATH/SAR_data_formatted_v2/binary_products/280_FIREDpy_sar_combined_20190429_20190511.tif
/Bhaltos/ASHWATH/SAR_data_formatted_v2/lum_change/280_20190504_20190516_DeltaLumin_100m.tif,/Bhaltos/ASHWATH/SAR_data_formatted_v2/coh_change/280_20190422_20190504_20190516_cohChange.tif,/Bhaltos/ASHWATH/SAR_data_formatted_v2/dnbr/S2B_L2A_T12VUH_280_20190418T185919_20190528T185929_100m_DNBR.TIF,/Bhaltos/ASHWATH/SAR_data_formatted_v2/binary_products/280_FIREDpy_sar_combined_20190504_20190516.tif
/Bhaltos/ASHWATH/SAR_data_formatted_v2/lum_change/280_20190509_20190521_DeltaLumin_100m.tif,/Bhaltos/ASHWATH/SAR_data_formatted_v2/coh_change/280_20190427_20190509_20190521_cohChange.tif,/Bhaltos/ASHWATH/SAR_data_formatted_v2/dnbr/S2B_L2A_T12VUH_280_20190418T185919_20190528T185929_100m_DNBR.TIF,/Bhaltos/ASHWATH/SAR_data_formatted_v2/binary_products/280_FIREDpy_sar_combined_20190509_20190521.tif
/Bhaltos/ASHWATH/SAR_data_formatted_v2/lum_change/280_20190511_20190523_DeltaLumin_100m.tif,/Bhaltos/ASHWATH/SAR_data_formatted_v2/coh_change/280_20190429_20190511_20190523_cohChange.tif,/Bhaltos/ASHWATH/SAR_data_formatted_v2/dnbr/S2B_L2A_T12VUH_280_20190418T185919_20190528T185929_100m_DNBR.TIF,/Bhaltos/ASHWATH/SAR_data_formatted_v2/binary_products/280_FIREDpy_sar_combined_20190511_20190523.tif
/Bhaltos/ASHWATH/SAR_data_formatted_v2/lum_change/280_20190516_20190528_DeltaLumin_100m.tif,/Bhaltos/ASHWATH/SAR_data_formatted_v2/coh_change/280_20190504_20190516_20190528_cohChange.tif,/Bhaltos/ASHWATH/SAR_data_formatted_v2/dnbr/S2B_L2A_T12VUH_280_20190418T185919_20190528T185929_100m_DNBR.TIF,/Bhaltos/ASHWATH/SAR_data_formatted_v2/binary_products/280_FIREDpy_sar_combined_20190516_20190528.tif
/Bhaltos/ASHWATH/SAR_data_formatted_v2/lum_change/280_20190521_20190602_DeltaLumin_100m.tif,/Bhaltos/ASHWATH/SAR_data_formatted_v2/coh_change/280_20190509_20190521_20190602_cohChange.tif,/Bhaltos/ASHWATH/SAR_data_formatted_v2/dnbr/S2B_L2A_T12VUH_280_20190418T185919_20190528T185929_100m_DNBR.TIF,/Bhaltos/ASHWATH/SAR_data_formatted_v2/binary_products/280_FIREDpy_sar_combined_20190521_20190602.tif
/Bhaltos/ASHWATH/SAR_data_formatted_v2/lum_change/280_20190523_20190604_DeltaLumin_100m.tif,/Bhaltos/ASHWATH/SAR_data_formatted_v2/coh_change/280_20190511_20190523_20190604_cohChange.tif,/Bhaltos/ASHWATH/SAR_data_formatted_v2/dnbr/S2B_L2A_T12VUH_280_20190418T185919_20190528T185929_100m_DNBR.TIF,/Bhaltos/ASHWATH/SAR_data_formatted_v2/binary_products/280_FIREDpy_sar_combined_20190523_20190604.tif
/Bhaltos/ASHWATH/SAR_data_formatted_v2/lum_change/280_20190527_20190608_DeltaLumin_100m.tif,/Bhaltos/ASHWATH/SAR_data_formatted_v2/coh_change/280_20190515_20190527_20190608_cohChange.tif,/Bhaltos/ASHWATH/SAR_data_formatted_v2/dnbr/S2B_L2A_T12VUH_280_20190418T185919_20190528T185929_100m_DNBR.TIF,/Bhaltos/ASHWATH/SAR_data_formatted_v2/binary_products/280_FIREDpy_sar_combined_20190527_20190608.tif
/Bhaltos/ASHWATH/SAR_data_formatted_v2/lum_change/280_20190528_20190609_DeltaLumin_100m.tif,/Bhaltos/ASHWATH/SAR_data_formatted_v2/coh_change/280_20190516_20190528_20190609_cohChange.tif,/Bhaltos/ASHWATH/SAR_data_formatted_v2/dnbr/S2B_L2A_T12VUH_280_20190418T185919_20190528T185929_100m_DNBR.TIF,/Bhaltos/ASHWATH/SAR_data_formatted_v2/binary_products/280_FIREDpy_sar_combined_20190528_20190609.tif
/Bhaltos/ASHWATH/SAR_data_formatted_v2/lum_change/280_20190602_20190614_DeltaLumin_100m.tif,/Bhaltos/ASHWATH/SAR_data_formatted_v2/coh_change/280_20190521_20190602_20190614_cohChange.tif,/Bhaltos/ASHWATH/SAR_data_formatted_v2/dnbr/S2B_L2A_T12VUH_280_20190418T185919_20190617T185929_100m_DNBR.TIF,/Bhaltos/ASHWATH/SAR_data_formatted_v2/binary_products/280_FIREDpy_sar_combined_20190602_20190614.tif
/Bhaltos/ASHWATH/SAR_data_formatted_v2/lum_change/280_20190604_20190616_DeltaLumin_100m.tif,/Bhaltos/ASHWATH/SAR_data_formatted_v2/coh_change/280_20190523_20190604_20190616_cohChange.tif,/Bhaltos/ASHWATH/SAR_data_formatted_v2/dnbr/S2B_L2A_T12VUH_280_20190418T185919_20190617T185929_100m_DNBR.TIF,/Bhaltos/ASHWATH/SAR_data_formatted_v2/binary_products/280_FIREDpy_sar_combined_20190604_20190616.tif
/Bhaltos/ASHWATH/SAR_data_formatted_v2/lum_change/280_20190608_20190620_DeltaLumin_100m.tif,/Bhaltos/ASHWATH/SAR_data_formatted_v2/coh_change/280_20190527_20190608_20190620_cohChange.tif,/Bhaltos/ASHWATH/SAR_data_formatted_v2/dnbr/S2B_L2A_T12VUH_280_20190418T185919_20190617T185929_100m_DNBR.TIF,/Bhaltos/ASHWATH/SAR_data_formatted_v2/binary_products/280_FIREDpy_sar_combined_20190608_20190620.tif
/Bhaltos/ASHWATH/SAR_data_formatted_v2/lum_change/280_20190609_20190621_DeltaLumin_100m.tif,/Bhaltos/ASHWATH/SAR_data_formatted_v2/coh_change/280_20190528_20190609_20190621_cohChange.tif,/Bhaltos/ASHWATH/SAR_data_formatted_v2/dnbr/S2B_L2A_T12VUH_280_20190418T185919_20190617T185929_100m_DNBR.TIF,/Bhaltos/ASHWATH/SAR_data_formatted_v2/binary_products/280_FIREDpy_sar_combined_20190609_20190621.tif
/Bhaltos/ASHWATH/SAR_data_formatted_v2/lum_change/280_20190614_20190626_DeltaLumin_100m.tif,/Bhaltos/ASHWATH/SAR_data_formatted_v2/coh_change/280_20190602_20190614_20190626_cohChange.tif,/Bhaltos/ASHWATH/SAR_data_formatted_v2/dnbr/S2B_L2A_T12VUH_280_20190418T185919_20190617T185929_100m_DNBR.TIF,/Bhaltos/ASHWATH/SAR_data_formatted_v2/binary_products/280_FIREDpy_sar_combined_20190614_20190626.tif
/Bhaltos/ASHWATH/SAR_data_formatted_v2/lum_change/280_20190616_20190628_DeltaLumin_100m.tif,/Bhaltos/ASHWATH/SAR_data_formatted_v2/coh_change/280_20190604_20190616_20190628_cohChange.tif,/Bhaltos/ASHWATH/SAR_data_formatted_v2/dnbr/S2B_L2A_T12VUH_280_20190418T185919_20190617T185929_100m_DNBR.TIF,/Bhaltos/ASHWATH/SAR_data_formatted_v2/binary_products/280_FIREDpy_sar_combined_20190616_20190628.tif
/Bhaltos/ASHWATH/SAR_data_formatted_v2/lum_change/280_20190620_20190702_DeltaLumin_100m.tif,/Bhaltos/ASHWATH/SAR_data_formatted_v2/coh_change/280_20190608_20190620_20190702_cohChange.tif,/Bhaltos/ASHWATH/SAR_data_formatted_v2/dnbr/S2B_L2A_T12VUH_280_20190418T185919_20190617T185929_100m_DNBR.TIF,/Bhaltos/ASHWATH/SAR_data_formatted_v2/binary_products/280_FIREDpy_sar_combined_20190620_20190702.tif
/Bhaltos/ASHWATH/SAR_data_formatted_v2/lum_change/280_20190621_20190703_DeltaLumin_100m.tif,/Bhaltos/ASHWATH/SAR_data_formatted_v2/coh_change/280_20190609_20190621_20190703_cohChange.tif,/Bhaltos/ASHWATH/SAR_data_formatted_v2/dnbr/S2B_L2A_T12VUH_280_20190418T185919_20190617T185929_100m_DNBR.TIF,/Bhaltos/ASHWATH/SAR_data_formatted_v2/binary_products/280_FIREDpy_sar_combined_20190621_20190703.tif
/Bhaltos/ASHWATH/SAR_data_formatted_v2/lum_change/280_20190626_20190708_DeltaLumin_100m.tif,/Bhaltos/ASHWATH/SAR_data_formatted_v2/coh_change/280_20190614_20190626_20190708_cohChange.tif,/Bhaltos/ASHWATH/SAR_data_formatted_v2/dnbr/S2B_L2A_T12VUH_280_20190418T185919_20190712T185921_100m_DNBR.TIF,/Bhaltos/ASHWATH/SAR_data_formatted_v2/binary_products/280_FIREDpy_sar_combined_20190626_20190708.tif
/Bhaltos/ASHWATH/SAR_data_formatted_v2/lum_change/280_20190628_20190710_DeltaLumin_100m.tif,/Bhaltos/ASHWATH/SAR_data_formatted_v2/coh_change/280_20190616_20190628_20190710_cohChange.tif,/Bhaltos/ASHWATH/SAR_data_formatted_v2/dnbr/S2B_L2A_T12VUH_280_20190418T185919_20190712T185921_100m_DNBR.TIF,/Bhaltos/ASHWATH/SAR_data_formatted_v2/binary_products/280_FIREDpy_sar_combined_20190628_20190710.tif
/Bhaltos/ASHWATH/SAR_data_formatted_v2/lum_change/280_20190702_20190714_DeltaLumin_100m.tif,/Bhaltos/ASHWATH/SAR_data_formatted_v2/coh_change/280_20190620_20190702_20190714_cohChange.tif,/Bhaltos/ASHWATH/SAR_data_formatted_v2/dnbr/S2B_L2A_T12VUH_280_20190418T185919_20190712T185921_100m_DNBR.TIF,/Bhaltos/ASHWATH/SAR_data_formatted_v2/binary_products/280_FIREDpy_sar_combined_20190702_20190714.tif
/Bhaltos/ASHWATH/SAR_data_formatted_v2/lum_change/280_20190703_20190715_DeltaLumin_100m.tif,/Bhaltos/ASHWATH/SAR_data_formatted_v2/coh_change/280_20190621_20190703_20190715_cohChange.tif,/Bhaltos/ASHWATH/SAR_data_formatted_v2/dnbr/S2B_L2A_T12VUH_280_20190418T185919_20190712T185921_100m_DNBR.TIF,/Bhaltos/ASHWATH/SAR_data_formatted_v2/binary_products/280_FIREDpy_sar_combined_20190703_20190715.tif
/Bhaltos/ASHWATH/SAR_data_formatted_v2/lum_change/280_20190708_20190720_DeltaLumin_100m.tif,/Bhaltos/ASHWATH/SAR_data_formatted_v2/coh_change/280_20190626_20190708_20190720_cohChange.tif,/Bhaltos/ASHWATH/SAR_data_formatted_v2/dnbr/S2B_L2A_T12VUH_280_20190418T185919_20190721T183929_100m_DNBR.TIF,/Bhaltos/ASHWATH/SAR_data_formatted_v2/binary_products/280_FIREDpy_sar_combined_20190708_20190720.tif
/Bhaltos/ASHWATH/SAR_data_formatted_v2/lum_change/280_20190710_20190722_DeltaLumin_100m.tif,/Bhaltos/ASHWATH/SAR_data_formatted_v2/coh_change/280_20190628_20190710_20190722_cohChange.tif,/Bhaltos/ASHWATH/SAR_data_formatted_v2/dnbr/S2B_L2A_T12VUH_280_20190418T185919_20190721T183929_100m_DNBR.TIF,/Bhaltos/ASHWATH/SAR_data_formatted_v2/binary_products/280_FIREDpy_sar_combined_20190710_20190722.tif
/Bhaltos/ASHWATH/SAR_data_formatted_v2/lum_change/280_20190714_20190726_DeltaLumin_100m.tif,/Bhaltos/ASHWATH/SAR_data_formatted_v2/coh_change/280_20190702_20190714_20190726_cohChange.tif,/Bhaltos/ASHWATH/SAR_data_formatted_v2/dnbr/S2B_L2A_T11VPC_280_20190528T185929_20190726T183921_100m_DNBR.TIF,/Bhaltos/ASHWATH/SAR_data_formatted_v2/binary_products/280_FIREDpy_sar_combined_20190714_20190726.tif
/Bhaltos/ASHWATH/SAR_data_formatted_v2/lum_change/280_20190715_20190727_DeltaLumin_100m.tif,/Bhaltos/ASHWATH/SAR_data_formatted_v2/coh_change/280_20190703_20190715_20190727_cohChange.tif,/Bhaltos/ASHWATH/SAR_data_formatted_v2/dnbr/S2B_L2A_T11VPC_280_20190528T185929_20190726T183921_100m_DNBR.TIF,/Bhaltos/ASHWATH/SAR_data_formatted_v2/binary_products/280_FIREDpy_sar_combined_20190715_20190727.tif
/Bhaltos/ASHWATH/SAR_data_formatted_v2/lum_change/280_20190720_20190801_DeltaLumin_100m.tif,/Bhaltos/ASHWATH/SAR_data_formatted_v2/coh_change/280_20190708_20190720_20190801_cohChange.tif,/Bhaltos/ASHWATH/SAR_data_formatted_v2/dnbr/S2B_L2A_T12VUH_280_20190418T185919_20190721T183929_100m_DNBR.TIF,/Bhaltos/ASHWATH/SAR_data_formatted_v2/binary_products/280_FIREDpy_sar_combined_20190720_20190801.tif
/Bhaltos/ASHWATH/SAR_data_formatted_v2/lum_change/280_20190722_20190803_DeltaLumin_100m.tif,/Bhaltos/ASHWATH/SAR_data_formatted_v2/coh_change/280_20190710_20190722_20190803_cohChange.tif,/Bhaltos/ASHWATH/SAR_data_formatted_v2/dnbr/S2B_L2A_T12VUH_280_20190418T185919_20190721T183929_100m_DNBR.TIF,/Bhaltos/ASHWATH/SAR_data_formatted_v2/binary_products/280_FIREDpy_sar_combined_20190722_20190803.tif
/Bhaltos/ASHWATH/SAR_data_formatted_v2/lum_change/280_20190726_20190807_DeltaLumin_100m.tif,/Bhaltos/ASHWATH/SAR_data_formatted_v2/coh_change/280_20190714_20190726_20190807_cohChange.tif,/Bhaltos/ASHWATH/SAR_data_formatted_v2/dnbr/S2B_L2A_T11VPC_280_20190528T185929_20190726T183921_100m_DNBR.TIF,/Bhaltos/ASHWATH/SAR_data_formatted_v2/binary_products/280_FIREDpy_sar_combined_20190726_20190807.tif
/Bhaltos/ASHWATH/SAR_data_formatted_v2/lum_change/280_20190727_20190808_DeltaLumin_100m.tif,/Bhaltos/ASHWATH/SAR_data_formatted_v2/coh_change/280_20190715_20190727_20190808_cohChange.tif,/Bhaltos/ASHWATH/SAR_data_formatted_v2/dnbr/S2B_L2A_T11VPC_280_20190528T185929_20190726T183921_100m_DNBR.TIF,/Bhaltos/ASHWATH/SAR_data_formatted_v2/binary_products/280_FIREDpy_sar_combined_20190727_20190808.tif
/Bhaltos/ASHWATH/SAR_data_formatted_v2/lum_change/2819_20190331_20190412_DeltaLumin_100m.tif,/Bhaltos/ASHWATH/SAR_data_formatted_v2/coh_change/2819_20190319_20190331_20190412_cohChange.tif,/Bhaltos/ASHWATH/SAR_data_formatted_v2/dnbr/S2B_L2A_T16PHC_2819_20190424T155829_20190603T155829_100m_DNBR.TIF,/Bhaltos/ASHWATH/SAR_data_formatted_v2/binary_products/2819_FIREDpy_sar_combined_20190331_20190412.tif
/Bhaltos/ASHWATH/SAR_data_formatted_v2/lum_change/2819_20190405_20190417_DeltaLumin_100m.tif,/Bhaltos/ASHWATH/SAR_data_formatted_v2/coh_change/2819_20190324_20190405_20190417_cohChange.tif,/Bhaltos/ASHWATH/SAR_data_formatted_v2/dnbr/S2B_L2A_T16PHC_2819_20190424T155829_20190603T155829_100m_DNBR.TIF,/Bhaltos/ASHWATH/SAR_data_formatted_v2/binary_products/2819_FIREDpy_sar_combined_20190405_20190417.tif
/Bhaltos/ASHWATH/SAR_data_formatted_v2/lum_change/2819_20190412_20190424_DeltaLumin_100m.tif,/Bhaltos/ASHWATH/SAR_data_formatted_v2/coh_change/2819_20190331_20190412_20190424_cohChange.tif,/Bhaltos/ASHWATH/SAR_data_formatted_v2/dnbr/S2B_L2A_T16PHC_2819_20190424T155829_20190603T155829_100m_DNBR.TIF,/Bhaltos/ASHWATH/SAR_data_formatted_v2/binary_products/2819_FIREDpy_sar_combined_20190412_20190424.tif
/Bhaltos/ASHWATH/SAR_data_formatted_v2/lum_change/2819_20190417_20190429_DeltaLumin_100m.tif,/Bhaltos/ASHWATH/SAR_data_formatted_v2/coh_change/2819_20190405_20190417_20190429_cohChange.tif,/Bhaltos/ASHWATH/SAR_data_formatted_v2/dnbr/S2B_L2A_T16PHC_2819_20190424T155829_20190603T155829_100m_DNBR.TIF,/Bhaltos/ASHWATH/SAR_data_formatted_v2/binary_products/2819_FIREDpy_sar_combined_20190417_20190429.tif
/Bhaltos/ASHWATH/SAR_data_formatted_v2/lum_change/2819_20190424_20190506_DeltaLumin_100m.tif,/Bhaltos/ASHWATH/SAR_data_formatted_v2/coh_change/2819_20190412_20190424_20190506_cohChange.tif,/Bhaltos/ASHWATH/SAR_data_formatted_v2/dnbr/S2B_L2A_T16PHC_2819_20190424T155829_20190603T155829_100m_DNBR.TIF,/Bhaltos/ASHWATH/SAR_data_formatted_v2/binary_products/2819_FIREDpy_sar_combined_20190424_20190506.tif
/Bhaltos/ASHWATH/SAR_data_formatted_v2/lum_change/2819_20190429_20190511_DeltaLumin_100m.tif,/Bhaltos/ASHWATH/SAR_data_formatted_v2/coh_change/2819_20190417_20190429_20190511_cohChange.tif,/Bhaltos/ASHWATH/SAR_data_formatted_v2/dnbr/S2B_L2A_T16PHC_2819_20190424T155829_20190603T155829_100m_DNBR.TIF,/Bhaltos/ASHWATH/SAR_data_formatted_v2/binary_products/2819_FIREDpy_sar_combined_20190429_20190511.tif
/Bhaltos/ASHWATH/SAR_data_formatted_v2/lum_change/2819_20190506_20190518_DeltaLumin_100m.tif,/Bhaltos/ASHWATH/SAR_data_formatted_v2/coh_change/2819_20190424_20190506_20190518_cohChange.tif,/Bhaltos/ASHWATH/SAR_data_formatted_v2/dnbr/S2B_L2A_T16PHC_2819_20190424T155829_20190603T155829_100m_DNBR.TIF,/Bhaltos/ASHWATH/SAR_data_formatted_v2/binary_products/2819_FIREDpy_sar_combined_20190506_20190518.tif
/Bhaltos/ASHWATH/SAR_data_formatted_v2/lum_change/2819_20190511_20190523_DeltaLumin_100m.tif,/Bhaltos/ASHWATH/SAR_data_formatted_v2/coh_change/2819_20190429_20190511_20190523_cohChange.tif,/Bhaltos/ASHWATH/SAR_data_formatted_v2/dnbr/S2B_L2A_T16PHC_2819_20190424T155829_20190603T155829_100m_DNBR.TIF,/Bhaltos/ASHWATH/SAR_data_formatted_v2/binary_products/2819_FIREDpy_sar_combined_20190511_20190523.tif
/Bhaltos/ASHWATH/SAR_data_formatted_v2/lum_change/2819_20190518_20190530_DeltaLumin_100m.tif,/Bhaltos/ASHWATH/SAR_data_formatted_v2/coh_change/2819_20190506_20190518_20190530_cohChange.tif,/Bhaltos/ASHWATH/SAR_data_formatted_v2/dnbr/S2B_L2A_T16PHC_2819_20190424T155829_20190603T155829_100m_DNBR.TIF,/Bhaltos/ASHWATH/SAR_data_formatted_v2/binary_products/2819_FIREDpy_sar_combined_20190518_20190530.tif
/Bhaltos/ASHWATH/SAR_data_formatted_v2/lum_change/2819_20190523_20190604_DeltaLumin_100m.tif,/Bhaltos/ASHWATH/SAR_data_formatted_v2/coh_change/2819_20190511_20190523_20190604_cohChange.tif,/Bhaltos/ASHWATH/SAR_data_formatted_v2/dnbr/S2B_L2A_T16PHC_2819_20190424T155829_20190603T155829_100m_DNBR.TIF,/Bhaltos/ASHWATH/SAR_data_formatted_v2/binary_products/2819_FIREDpy_sar_combined_20190523_20190604.tif
/Bhaltos/ASHWATH/SAR_data_formatted_v2/lum_change/2819_20190530_20190611_DeltaLumin_100m.tif,/Bhaltos/ASHWATH/SAR_data_formatted_v2/coh_change/2819_20190518_20190530_20190611_cohChange.tif,/Bhaltos/ASHWATH/SAR_data_formatted_v2/dnbr/S2B_L2A_T16PHC_2819_20190424T155829_20190603T155829_100m_DNBR.TIF,/Bhaltos/ASHWATH/SAR_data_formatted_v2/binary_products/2819_FIREDpy_sar_combined_20190530_20190611.tif
/Bhaltos/ASHWATH/SAR_data_formatted_v2/lum_change/2819_20190604_20190616_DeltaLumin_100m.tif,/Bhaltos/ASHWATH/SAR_data_formatted_v2/coh_change/2819_20190523_20190604_20190616_cohChange.tif,/Bhaltos/ASHWATH/SAR_data_formatted_v2/dnbr/S2B_L2A_T16PHC_2819_20190424T155829_20190603T155829_100m_DNBR.TIF,/Bhaltos/ASHWATH/SAR_data_formatted_v2/binary_products/2819_FIREDpy_sar_combined_20190604_20190616.tif
/Bhaltos/ASHWATH/SAR_data_formatted_v2/lum_change/2819_20190611_20190623_DeltaLumin_100m.tif,/Bhaltos/ASHWATH/SAR_data_formatted_v2/coh_change/2819_20190530_20190611_20190623_cohChange.tif,/Bhaltos/ASHWATH/SAR_data_formatted_v2/dnbr/S2B_L2A_T16PHC_2819_20190424T155829_20190623T155829_100m_DNBR.TIF,/Bhaltos/ASHWATH/SAR_data_formatted_v2/binary_products/2819_FIREDpy_sar_combined_20190611_20190623.tif
/Bhaltos/ASHWATH/SAR_data_formatted_v2/lum_change/2819_20190616_20190628_DeltaLumin_100m.tif,/Bhaltos/ASHWATH/SAR_data_formatted_v2/coh_change/2819_20190604_20190616_20190628_cohChange.tif,/Bhaltos/ASHWATH/SAR_data_formatted_v2/dnbr/S2B_L2A_T16PHC_2819_20190424T155829_20190623T155829_100m_DNBR.TIF,/Bhaltos/ASHWATH/SAR_data_formatted_v2/binary_products/2819_FIREDpy_sar_combined_20190616_20190628.tif
/Bhaltos/ASHWATH/SAR_data_formatted_v2/lum_change/2819_20190623_20190705_DeltaLumin_100m.tif,/Bhaltos/ASHWATH/SAR_data_formatted_v2/coh_change/2819_20190611_20190623_20190705_cohChange.tif,/Bhaltos/ASHWATH/SAR_data_formatted_v2/dnbr/S2B_L2A_T16PHC_2819_20190424T155829_20190623T155829_100m_DNBR.TIF,/Bhaltos/ASHWATH/SAR_data_formatted_v2/binary_products/2819_FIREDpy_sar_combined_20190623_20190705.tif
/Bhaltos/ASHWATH/SAR_data_formatted_v2/lum_change/2819_20190628_20190710_DeltaLumin_100m.tif,/Bhaltos/ASHWATH/SAR_data_formatted_v2/coh_change/2819_20190616_20190628_20190710_cohChange.tif,/Bhaltos/ASHWATH/SAR_data_formatted_v2/dnbr/S2B_L2A_T16PHC_2819_20190424T155829_20190623T155829_100m_DNBR.TIF,/Bhaltos/ASHWATH/SAR_data_formatted_v2/binary_products/2819_FIREDpy_sar_combined_20190628_20190710.tif
/Bhaltos/ASHWATH/SAR_data_formatted_v2/lum_change/5532_20200901_20200913_DeltaLumin_100m.tif,/Bhaltos/ASHWATH/SAR_data_formatted_v2/coh_change/5532_20200821_20200902_20200914_cohChange.tif,/Bhaltos/ASHWATH/SAR_data_formatted_v2/dnbr/S2B_L2A_T19LFF_5532_20200908T144729_20201010T143731_100m_DNBR.TIF,/Bhaltos/ASHWATH/SAR_data_formatted_v2/binary_products/5532_FIREDpy_sar_combined_20200901_20200913.tif
/Bhaltos/ASHWATH/SAR_data_formatted_v2/lum_change/5532_20200902_20200914_DeltaLumin_100m.tif,/Bhaltos/ASHWATH/SAR_data_formatted_v2/coh_change/5532_20200821_20200902_20200914_cohChange.tif,/Bhaltos/ASHWATH/SAR_data_formatted_v2/dnbr/S2B_L2A_T19LFF_5532_20200905T143729_20201010T143731_100m_DNBR.TIF,/Bhaltos/ASHWATH/SAR_data_formatted_v2/binary_products/5532_FIREDpy_sar_combined_20200902_20200914.tif
/Bhaltos/ASHWATH/SAR_data_formatted_v2/lum_change/5532_20200909_20200921_DeltaLumin_100m.tif,/Bhaltos/ASHWATH/SAR_data_formatted_v2/coh_change/5532_20200828_20200909_20200921_cohChange.tif,/Bhaltos/ASHWATH/SAR_data_formatted_v2/dnbr/S2B_L2A_T19LFF_5532_20200908T144729_20201010T143731_100m_DNBR.TIF,/Bhaltos/ASHWATH/SAR_data_formatted_v2/binary_products/5532_FIREDpy_sar_combined_20200909_20200921.tif
/Bhaltos/ASHWATH/SAR_data_formatted_v2/lum_change/5532_20200913_20200925_DeltaLumin_100m.tif,/Bhaltos/ASHWATH/SAR_data_formatted_v2/coh_change/5532_20200821_20200902_20200914_cohChange.tif,/Bhaltos/ASHWATH/SAR_data_formatted_v2/dnbr/S2B_L2A_T19LFF_5532_20200925T143729_20201010T143731_100m_DNBR.TIF,/Bhaltos/ASHWATH/SAR_data_formatted_v2/binary_products/5532_FIREDpy_sar_combined_20200913_20200925.tif
/Bhaltos/ASHWATH/SAR_data_formatted_v2/lum_change/5532_20200914_20200926_DeltaLumin_100m.tif,/Bhaltos/ASHWATH/SAR_data_formatted_v2/coh_change/5532_20200902_20200914_20200926_cohChange.tif,/Bhaltos/ASHWATH/SAR_data_formatted_v2/dnbr/S2B_L2A_T19LFF_5532_20200925T143729_20201010T143731_100m_DNBR.TIF,/Bhaltos/ASHWATH/SAR_data_formatted_v2/binary_products/5532_FIREDpy_sar_combined_20200914_20200926.tif
/Bhaltos/ASHWATH/SAR_data_formatted_v2/lum_change/5532_20200921_20201003_DeltaLumin_100m.tif,/Bhaltos/ASHWATH/SAR_data_formatted_v2/coh_change/5532_20200909_20200921_20201003_cohChange.tif,/Bhaltos/ASHWATH/SAR_data_formatted_v2/dnbr/S2B_L2A_T19LFF_5532_20201005T143729_20201010T143731_100m_DNBR.TIF,/Bhaltos/ASHWATH/SAR_data_formatted_v2/binary_products/5532_FIREDpy_sar_combined_20200921_20201003.tif
/Bhaltos/ASHWATH/SAR_data_formatted_v2/lum_change/5532_20200925_20201007_DeltaLumin_100m.tif,/Bhaltos/ASHWATH/SAR_data_formatted_v2/coh_change/5532_20200902_20200914_20200926_cohChange.tif,/Bhaltos/ASHWATH/SAR_data_formatted_v2/dnbr/S2B_L2A_T19LFF_5532_20200925T143729_20201010T143731_100m_DNBR.TIF,/Bhaltos/ASHWATH/SAR_data_formatted_v2/binary_products/5532_FIREDpy_sar_combined_20200925_20201007.tif
/Bhaltos/ASHWATH/SAR_data_formatted_v2/lum_change/5532_20200926_20201008_DeltaLumin_100m.tif,/Bhaltos/ASHWATH/SAR_data_formatted_v2/coh_change/5532_20200914_20200926_20201008_cohChange.tif,/Bhaltos/ASHWATH/SAR_data_formatted_v2/dnbr/S2B_L2A_T19LFF_5532_20200925T143729_20201010T143731_100m_DNBR.TIF,/Bhaltos/ASHWATH/SAR_data_formatted_v2/binary_products/5532_FIREDpy_sar_combined_20200926_20201008.tif
/Bhaltos/ASHWATH/SAR_data_formatted_v2/lum_change/5532_20201003_20201015_DeltaLumin_100m.tif,/Bhaltos/ASHWATH/SAR_data_formatted_v2/coh_change/5532_20200921_20201003_20201015_cohChange.tif,/Bhaltos/ASHWATH/SAR_data_formatted_v2/dnbr/S2B_L2A_T19LFF_5532_20201005T143729_20201010T143731_100m_DNBR.TIF,/Bhaltos/ASHWATH/SAR_data_formatted_v2/binary_products/5532_FIREDpy_sar_combined_20201003_20201015.tif
/Bhaltos/ASHWATH/SAR_data_formatted_v2/lum_change/5532_20201007_20201019_DeltaLumin_100m.tif,/Bhaltos/ASHWATH/SAR_data_formatted_v2/coh_change/5532_20200914_20200926_20201008_cohChange.tif,/Bhaltos/ASHWATH/SAR_data_formatted_v2/dnbr/S2B_L2A_T19LFF_5532_20201005T143729_20201010T143731_100m_DNBR.TIF,/Bhaltos/ASHWATH/SAR_data_formatted_v2/binary_products/5532_FIREDpy_sar_combined_20201007_20201019.tif
/Bhaltos/ASHWATH/SAR_data_formatted_v2/lum_change/5532_20201008_20201020_DeltaLumin_100m.tif,/Bhaltos/ASHWATH/SAR_data_formatted_v2/coh_change/5532_20200926_20201008_20201020_cohChange.tif,/Bhaltos/ASHWATH/SAR_data_formatted_v2/dnbr/S2B_L2A_T19LFF_5532_20201005T143729_20201010T143731_100m_DNBR.TIF,/Bhaltos/ASHWATH/SAR_data_formatted_v2/binary_products/5532_FIREDpy_sar_combined_20201008_20201020.tif
/Bhaltos/ASHWATH/SAR_data_formatted_v2/lum_change/5532_20201015_20201027_DeltaLumin_100m.tif,/Bhaltos/ASHWATH/SAR_data_formatted_v2/coh_change/5532_20201003_20201015_20201027_cohChange.tif,/Bhaltos/ASHWATH/SAR_data_formatted_v2/dnbr/S2B_L2A_T19LFF_5532_20201005T143729_20201010T143731_100m_DNBR.TIF,/Bhaltos/ASHWATH/SAR_data_formatted_v2/binary_products/5532_FIREDpy_sar_combined_20201015_20201027.tif
/Bhaltos/ASHWATH/SAR_data_formatted_v2/lum_change/5532_20201019_20201031_DeltaLumin_100m.tif,/Bhaltos/ASHWATH/SAR_data_formatted_v2/coh_change/5532_20200926_20201008_20201020_cohChange.tif,/Bhaltos/ASHWATH/SAR_data_formatted_v2/dnbr/S2B_L2A_T19LFF_5532_20201005T143729_20201010T143731_100m_DNBR.TIF,/Bhaltos/ASHWATH/SAR_data_formatted_v2/binary_products/5532_FIREDpy_sar_combined_20201019_20201031.tif
/Bhaltos/ASHWATH/SAR_data_formatted_v2/lum_change/5532_20201020_20201101_DeltaLumin_100m.tif,/Bhaltos/ASHWATH/SAR_data_formatted_v2/coh_change/5532_20201008_20201020_20201101_cohChange.tif,/Bhaltos/ASHWATH/SAR_data_formatted_v2/dnbr/S2B_L2A_T19LFF_5532_20201005T143729_20201010T143731_100m_DNBR.TIF,/Bhaltos/ASHWATH/SAR_data_formatted_v2/binary_products/5532_FIREDpy_sar_combined_20201020_20201101.tif
/Bhaltos/ASHWATH/SAR_data_formatted_v2/lum_change/5532_20201027_20201108_DeltaLumin_100m.tif,/Bhaltos/ASHWATH/SAR_data_formatted_v2/coh_change/5532_20201015_20201027_20201108_cohChange.tif,/Bhaltos/ASHWATH/SAR_data_formatted_v2/dnbr/S2B_L2A_T19LFF_5532_20201005T143729_20201122T144731_100m_DNBR.TIF,/Bhaltos/ASHWATH/SAR_data_formatted_v2/binary_products/5532_FIREDpy_sar_combined_20201027_20201108.tif
/Bhaltos/ASHWATH/SAR_data_formatted_v2/lum_change/5532_20201031_20201112_DeltaLumin_100m.tif,/Bhaltos/ASHWATH/SAR_data_formatted_v2/coh_change/5532_20201008_20201020_20201101_cohChange.tif,/Bhaltos/ASHWATH/SAR_data_formatted_v2/dnbr/S2B_L2A_T19LFF_5532_20201005T143729_20201122T144731_100m_DNBR.TIF,/Bhaltos/ASHWATH/SAR_data_formatted_v2/binary_products/5532_FIREDpy_sar_combined_20201031_20201112.tif
/Bhaltos/ASHWATH/SAR_data_formatted_v2/lum_change/5532_20201101_20201113_DeltaLumin_100m.tif,/Bhaltos/ASHWATH/SAR_data_formatted_v2/coh_change/5532_20201020_20201101_20201113_cohChange.tif,/Bhaltos/ASHWATH/SAR_data_formatted_v2/dnbr/S2B_L2A_T19LFF_5532_20201005T143729_20201122T144731_100m_DNBR.TIF,/Bhaltos/ASHWATH/SAR_data_formatted_v2/binary_products/5532_FIREDpy_sar_combined_20201101_20201113.tif
/Bhaltos/ASHWATH/SAR_data_formatted_v2/lum_change/5532_20201108_20201120_DeltaLumin_100m.tif,/Bhaltos/ASHWATH/SAR_data_formatted_v2/coh_change/5532_20201027_20201108_20201120_cohChange.tif,/Bhaltos/ASHWATH/SAR_data_formatted_v2/dnbr/S2B_L2A_T19LFF_5532_20201005T143729_20201122T144731_100m_DNBR.TIF,/Bhaltos/ASHWATH/SAR_data_formatted_v2/binary_products/5532_FIREDpy_sar_combined_20201108_20201120.tif
/Bhaltos/ASHWATH/SAR_data_formatted_v2/lum_change/5532_20201112_20201124_DeltaLumin_100m.tif,/Bhaltos/ASHWATH/SAR_data_formatted_v2/coh_change/5532_20201020_20201101_20201113_cohChange.tif,/Bhaltos/ASHWATH/SAR_data_formatted_v2/dnbr/S2B_L2A_T19LFF_5532_20201005T143729_20201122T144731_100m_DNBR.TIF,/Bhaltos/ASHWATH/SAR_data_formatted_v2/binary_products/5532_FIREDpy_sar_combined_20201112_20201124.tif
/Bhaltos/ASHWATH/SAR_data_formatted_v2/lum_change/5532_20201113_20201125_DeltaLumin_100m.tif,/Bhaltos/ASHWATH/SAR_data_formatted_v2/coh_change/5532_20201101_20201113_20201125_cohChange.tif,/Bhaltos/ASHWATH/SAR_data_formatted_v2/dnbr/S2B_L2A_T19LFF_5532_20201005T143729_20201122T144731_100m_DNBR.TIF,/Bhaltos/ASHWATH/SAR_data_formatted_v2/binary_products/5532_FIREDpy_sar_combined_20201113_20201125.tif
/Bhaltos/ASHWATH/SAR_data_formatted_v2/lum_change/5532_20201120_20201202_DeltaLumin_100m.tif,/Bhaltos/ASHWATH/SAR_data_formatted_v2/coh_change/5532_20201108_20201120_20201202_cohChange.tif,/Bhaltos/ASHWATH/SAR_data_formatted_v2/dnbr/S2B_L2A_T19LFF_5532_20201005T143729_20201122T144731_100m_DNBR.TIF,/Bhaltos/ASHWATH/SAR_data_formatted_v2/binary_products/5532_FIREDpy_sar_combined_20201120_20201202.tif
/Bhaltos/ASHWATH/SAR_data_formatted_v2/lum_change/5532_20201124_20201206_DeltaLumin_100m.tif,/Bhaltos/ASHWATH/SAR_data_formatted_v2/coh_change/5532_20201101_20201113_20201125_cohChange.tif,/Bhaltos/ASHWATH/SAR_data_formatted_v2/dnbr/S2B_L2A_T19LFF_5532_20201005T143729_20201122T144731_100m_DNBR.TIF,/Bhaltos/ASHWATH/SAR_data_formatted_v2/binary_products/5532_FIREDpy_sar_combined_20201124_20201206.tif
/Bhaltos/ASHWATH/SAR_data_formatted_v2/lum_change/5532_20201125_20201207_DeltaLumin_100m.tif,/Bhaltos/ASHWATH/SAR_data_formatted_v2/coh_change/5532_20201113_20201125_20201207_cohChange.tif,/Bhaltos/ASHWATH/SAR_data_formatted_v2/dnbr/S2B_L2A_T19LFF_5532_20201005T143729_20201122T144731_100m_DNBR.TIF,/Bhaltos/ASHWATH/SAR_data_formatted_v2/binary_products/5532_FIREDpy_sar_combined_20201125_20201207.tif
/Bhaltos/ASHWATH/SAR_data_formatted_v2/lum_change/5532_20201202_20201214_DeltaLumin_100m.tif,/Bhaltos/ASHWATH/SAR_data_formatted_v2/coh_change/5532_20201120_20201202_20201214_cohChange.tif,/Bhaltos/ASHWATH/SAR_data_formatted_v2/dnbr/S2B_L2A_T19LFF_5532_20201005T143729_20201122T144731_100m_DNBR.TIF,/Bhaltos/ASHWATH/SAR_data_formatted_v2/binary_products/5532_FIREDpy_sar_combined_20201202_20201214.tif
/Bhaltos/ASHWATH/SAR_data_formatted_v2/lum_change/5532_20201206_20201218_DeltaLumin_100m.tif,/Bhaltos/ASHWATH/SAR_data_formatted_v2/coh_change/5532_20201113_20201125_20201207_cohChange.tif,/Bhaltos/ASHWATH/SAR_data_formatted_v2/dnbr/S2B_L2A_T19LFF_5532_20201005T143729_20201122T144731_100m_DNBR.TIF,/Bhaltos/ASHWATH/SAR_data_formatted_v2/binary_products/5532_FIREDpy_sar_combined_20201206_20201218.tif
/Bhaltos/ASHWATH/SAR_data_formatted_v2/lum_change/5532_20201207_20201219_DeltaLumin_100m.tif,/Bhaltos/ASHWATH/SAR_data_formatted_v2/coh_change/5532_20201125_20201207_20201219_cohChange.tif,/Bhaltos/ASHWATH/SAR_data_formatted_v2/dnbr/S2B_L2A_T19LFF_5532_20201005T143729_20201122T144731_100m_DNBR.TIF,/Bhaltos/ASHWATH/SAR_data_formatted_v2/binary_products/5532_FIREDpy_sar_combined_20201207_20201219.tif
/Bhaltos/ASHWATH/SAR_data_formatted_v2/lum_change/5532_20201214_20201226_DeltaLumin_100m.tif,/Bhaltos/ASHWATH/SAR_data_formatted_v2/coh_change/5532_20201202_20201214_20201226_cohChange.tif,/Bhaltos/ASHWATH/SAR_data_formatted_v2/dnbr/S2B_L2A_T19LFF_5532_20201005T143729_20201122T144731_100m_DNBR.TIF,/Bhaltos/ASHWATH/SAR_data_formatted_v2/binary_products/5532_FIREDpy_sar_combined_20201214_20201226.tif
/Bhaltos/ASHWATH/SAR_data_formatted_v2/lum_change/5532_20201218_20201230_DeltaLumin_100m.tif,/Bhaltos/ASHWATH/SAR_data_formatted_v2/coh_change/5532_20201125_20201207_20201219_cohChange.tif,/Bhaltos/ASHWATH/SAR_data_formatted_v2/dnbr/S2B_L2A_T19LFF_5532_20201005T143729_20201122T144731_100m_DNBR.TIF,/Bhaltos/ASHWATH/SAR_data_formatted_v2/binary_products/5532_FIREDpy_sar_combined_20201218_20201230.tif
/Bhaltos/ASHWATH/SAR_data_formatted_v2/lum_change/5532_20201219_20201231_DeltaLumin_100m.tif,/Bhaltos/ASHWATH/SAR_data_formatted_v2/coh_change/5532_20201207_20201219_20201231_cohChange.tif,/Bhaltos/ASHWATH/SAR_data_formatted_v2/dnbr/S2B_L2A_T19LFF_5532_20201005T143729_20201122T144731_100m_DNBR.TIF,/Bhaltos/ASHWATH/SAR_data_formatted_v2/binary_products/5532_FIREDpy_sar_combined_20201219_20201231.tif
/Bhaltos/ASHWATH/SAR_data_formatted_v2/lum_change/5532_20201226_20210107_DeltaLumin_100m.tif,/Bhaltos/ASHWATH/SAR_data_formatted_v2/coh_change/5532_20201214_20201226_20210107_cohChange.tif,/Bhaltos/ASHWATH/SAR_data_formatted_v2/dnbr/S2B_L2A_T19LFF_5532_20201005T143729_20201122T144731_100m_DNBR.TIF,/Bhaltos/ASHWATH/SAR_data_formatted_v2/binary_products/5532_FIREDpy_sar_combined_20201226_20210107.tif
/Bhaltos/ASHWATH/SAR_data_formatted_v2/lum_change/5532_20201230_20210111_DeltaLumin_100m.tif,/Bhaltos/ASHWATH/SAR_data_formatted_v2/coh_change/5532_20201207_20201219_20201231_cohChange.tif,/Bhaltos/ASHWATH/SAR_data_formatted_v2/dnbr/S2B_L2A_T19LFF_5532_20201005T143729_20201122T144731_100m_DNBR.TIF,/Bhaltos/ASHWATH/SAR_data_formatted_v2/binary_products/5532_FIREDpy_sar_combined_20201230_20210111.tif
/Bhaltos/ASHWATH/SAR_data_formatted_v2/lum_change/5532_20201231_20210112_DeltaLumin_100m.tif,/Bhaltos/ASHWATH/SAR_data_formatted_v2/coh_change/5532_20201219_20201231_20210112_cohChange.tif,/Bhaltos/ASHWATH/SAR_data_formatted_v2/dnbr/S2B_L2A_T19LFF_5532_20201005T143729_20201122T144731_100m_DNBR.TIF,/Bhaltos/ASHWATH/SAR_data_formatted_v2/binary_products/5532_FIREDpy_sar_combined_20201231_20210112.tif
/Bhaltos/ASHWATH/SAR_data_formatted_v2/lum_change/5615_20210427_20210509_DeltaLumin_100m.tif,/Bhaltos/ASHWATH/SAR_data_formatted_v2/coh_change/5615_20210415_20210427_20210509_cohChange.tif,/Bhaltos/ASHWATH/SAR_data_formatted_v2/dnbr/S2B_L2A_T12SVC_5615_20210509T175909_20210728T175909_100m_DNBR.TIF,/Bhaltos/ASHWATH/SAR_data_formatted_v2/binary_products/5615_FIREDpy_sar_combined_20210427_20210509.tif
/Bhaltos/ASHWATH/SAR_data_formatted_v2/lum_change/5615_20210509_20210521_DeltaLumin_100m.tif,/Bhaltos/ASHWATH/SAR_data_formatted_v2/coh_change/5615_20210427_20210509_20210521_cohChange.tif,/Bhaltos/ASHWATH/SAR_data_formatted_v2/dnbr/S2B_L2A_T12SVC_5615_20210509T175909_20210728T175909_100m_DNBR.TIF,/Bhaltos/ASHWATH/SAR_data_formatted_v2/binary_products/5615_FIREDpy_sar_combined_20210509_20210521.tif
/Bhaltos/ASHWATH/SAR_data_formatted_v2/lum_change/5615_20210521_20210602_DeltaLumin_100m.tif,/Bhaltos/ASHWATH/SAR_data_formatted_v2/coh_change/5615_20210509_20210521_20210602_cohChange.tif,/Bhaltos/ASHWATH/SAR_data_formatted_v2/dnbr/S2B_L2A_T12SWB_5615_20210519T175909_20210713T175921_100m_DNBR.TIF,/Bhaltos/ASHWATH/SAR_data_formatted_v2/binary_products/5615_FIREDpy_sar_combined_20210521_20210602.tif
/Bhaltos/ASHWATH/SAR_data_formatted_v2/lum_change/5615_20210602_20210614_DeltaLumin_100m.tif,/Bhaltos/ASHWATH/SAR_data_formatted_v2/coh_change/5615_20210521_20210602_20210614_cohChange.tif,/Bhaltos/ASHWATH/SAR_data_formatted_v2/dnbr/S2B_L2A_T12SWC_5615_20210419T175909_20210529T175909_100m_DNBR.TIF,/Bhaltos/ASHWATH/SAR_data_formatted_v2/binary_products/5615_FIREDpy_sar_combined_20210602_20210614.tif
/Bhaltos/ASHWATH/SAR_data_formatted_v2/lum_change/5615_20210614_20210626_DeltaLumin_100m.tif,/Bhaltos/ASHWATH/SAR_data_formatted_v2/coh_change/5615_20210602_20210614_20210626_cohChange.tif,/Bhaltos/ASHWATH/SAR_data_formatted_v2/dnbr/S2B_L2A_T12SWB_5615_20210519T175909_20210623T175911_100m_DNBR.TIF,/Bhaltos/ASHWATH/SAR_data_formatted_v2/binary_products/5615_FIREDpy_sar_combined_20210614_20210626.tif
/Bhaltos/ASHWATH/SAR_data_formatted_v2/lum_change/5615_20210626_20210708_DeltaLumin_100m.tif,/Bhaltos/ASHWATH/SAR_data_formatted_v2/coh_change/5615_20210614_20210626_20210708_cohChange.tif,/Bhaltos/ASHWATH/SAR_data_formatted_v2/dnbr/S2B_L2A_T12SWB_5615_20210519T175909_20210708T175909_100m_DNBR.TIF,/Bhaltos/ASHWATH/SAR_data_formatted_v2/binary_products/5615_FIREDpy_sar_combined_20210626_20210708.tif
/Bhaltos/ASHWATH/SAR_data_formatted_v2/lum_change/5615_20210708_20210720_DeltaLumin_100m.tif,/Bhaltos/ASHWATH/SAR_data_formatted_v2/coh_change/5615_20210626_20210708_20210720_cohChange.tif,/Bhaltos/ASHWATH/SAR_data_formatted_v2/dnbr/S2B_L2A_T12SWB_5615_20210519T175909_20210708T175909_100m_DNBR.TIF,/Bhaltos/ASHWATH/SAR_data_formatted_v2/binary_products/5615_FIREDpy_sar_combined_20210708_20210720.tif
/Bhaltos/ASHWATH/SAR_data_formatted_v2/lum_change/5615_20210720_20210801_DeltaLumin_100m.tif,/Bhaltos/ASHWATH/SAR_data_formatted_v2/coh_change/5615_20210708_20210720_20210801_cohChange.tif,/Bhaltos/ASHWATH/SAR_data_formatted_v2/dnbr/S2B_L2A_T12SWB_5615_20210519T175909_20210728T175909_100m_DNBR.TIF,/Bhaltos/ASHWATH/SAR_data_formatted_v2/binary_products/5615_FIREDpy_sar_combined_20210720_20210801.tif
/Bhaltos/ASHWATH/SAR_data_formatted_v2/lum_change/5950_20210705_20210711_DeltaLumin_100m.tif,/Bhaltos/ASHWATH/SAR_data_formatted_v2/coh_change/5950_20210629_20210705_20210711_cohChange.tif,/Bhaltos/ASHWATH/SAR_data_formatted_v2/dnbr/S2B_L2A_T10SFH_5950_20210710T183919_20211107T184559_100m_DNBR.TIF,/Bhaltos/ASHWATH/SAR_data_formatted_v2/binary_products/5950_FIREDpy_sar_combined_20210705_20210711.tif
/Bhaltos/ASHWATH/SAR_data_formatted_v2/lum_change/5950_20210710_20210722_DeltaLumin_100m.tif,/Bhaltos/ASHWATH/SAR_data_formatted_v2/coh_change/5950_20210628_20210710_20210722_cohChange.tif,/Bhaltos/ASHWATH/SAR_data_formatted_v2/dnbr/S2B_L2A_T10SFH_5950_20210710T183919_20211107T184559_100m_DNBR.TIF,/Bhaltos/ASHWATH/SAR_data_formatted_v2/binary_products/5950_FIREDpy_sar_combined_20210710_20210722.tif
/Bhaltos/ASHWATH/SAR_data_formatted_v2/lum_change/5950_20210711_20210717_DeltaLumin_100m.tif,/Bhaltos/ASHWATH/SAR_data_formatted_v2/coh_change/5950_20210705_20210711_20210717_cohChange.tif,/Bhaltos/ASHWATH/SAR_data_formatted_v2/dnbr/S2B_L2A_T10SFH_5950_20210710T183919_20211107T184559_100m_DNBR.TIF,/Bhaltos/ASHWATH/SAR_data_formatted_v2/binary_products/5950_FIREDpy_sar_combined_20210711_20210717.tif
/Bhaltos/ASHWATH/SAR_data_formatted_v2/lum_change/5950_20210716_20210722_DeltaLumin_100m.tif,/Bhaltos/ASHWATH/SAR_data_formatted_v2/coh_change/5950_20210710_20210716_20210722_cohChange.tif,/Bhaltos/ASHWATH/SAR_data_formatted_v2/dnbr/S2B_L2A_T10SFJ_5950_20210720T183919_20211028T184509_100m_DNBR.TIF,/Bhaltos/ASHWATH/SAR_data_formatted_v2/binary_products/5950_FIREDpy_sar_combined_20210716_20210722.tif
/Bhaltos/ASHWATH/SAR_data_formatted_v2/lum_change/5950_20210717_20210723_DeltaLumin_100m.tif,/Bhaltos/ASHWATH/SAR_data_formatted_v2/coh_change/5950_20210711_20210717_20210723_cohChange.tif,/Bhaltos/ASHWATH/SAR_data_formatted_v2/dnbr/S2B_L2A_T10SGJ_5950_20210723T184919_20211003T184221_100m_DNBR.TIF,/Bhaltos/ASHWATH/SAR_data_formatted_v2/binary_products/5950_FIREDpy_sar_combined_20210717_20210723.tif
/Bhaltos/ASHWATH/SAR_data_formatted_v2/lum_change/5950_20210722_20210728_DeltaLumin_100m.tif,/Bhaltos/ASHWATH/SAR_data_formatted_v2/coh_change/5950_20210716_20210722_20210728_cohChange.tif,/Bhaltos/ASHWATH/SAR_data_formatted_v2/dnbr/S2B_L2A_T10SFJ_5950_20210720T183919_20211028T184509_100m_DNBR.TIF,/Bhaltos/ASHWATH/SAR_data_formatted_v2/binary_products/5950_FIREDpy_sar_combined_20210722_20210728.tif
/Bhaltos/ASHWATH/SAR_data_formatted_v2/lum_change/5950_20210723_20210729_DeltaLumin_100m.tif,/Bhaltos/ASHWATH/SAR_data_formatted_v2/coh_change/5950_20210717_20210723_20210729_cohChange.tif,/Bhaltos/ASHWATH/SAR_data_formatted_v2/dnbr/S2B_L2A_T10SGJ_5950_20210723T184919_20211003T184221_100m_DNBR.TIF,/Bhaltos/ASHWATH/SAR_data_formatted_v2/binary_products/5950_FIREDpy_sar_combined_20210723_20210729.tif
/Bhaltos/ASHWATH/SAR_data_formatted_v2/lum_change/5950_20210728_20210803_DeltaLumin_100m.tif,/Bhaltos/ASHWATH/SAR_data_formatted_v2/coh_change/5950_20210722_20210728_20210803_cohChange.tif,/Bhaltos/ASHWATH/SAR_data_formatted_v2/dnbr/S2B_L2A_T10SGJ_5950_20210723T184919_20211003T184221_100m_DNBR.TIF,/Bhaltos/ASHWATH/SAR_data_formatted_v2/binary_products/5950_FIREDpy_sar_combined_20210728_20210803.tif
/Bhaltos/ASHWATH/SAR_data_formatted_v2/lum_change/5950_20210729_20210804_DeltaLumin_100m.tif,/Bhaltos/ASHWATH/SAR_data_formatted_v2/coh_change/5950_20210723_20210729_20210804_cohChange.tif,/Bhaltos/ASHWATH/SAR_data_formatted_v2/dnbr/S2B_L2A_T10SGJ_5950_20210723T184919_20211003T184221_100m_DNBR.TIF,/Bhaltos/ASHWATH/SAR_data_formatted_v2/binary_products/5950_FIREDpy_sar_combined_20210729_20210804.tif
/Bhaltos/ASHWATH/SAR_data_formatted_v2/lum_change/5950_20210803_20210809_DeltaLumin_100m.tif,/Bhaltos/ASHWATH/SAR_data_formatted_v2/coh_change/5950_20210728_20210803_20210809_cohChange.tif,/Bhaltos/ASHWATH/SAR_data_formatted_v2/dnbr/S2B_L2A_T10SGJ_5950_20210723T184919_20211003T184221_100m_DNBR.TIF,/Bhaltos/ASHWATH/SAR_data_formatted_v2/binary_products/5950_FIREDpy_sar_combined_20210803_20210809.tif
/Bhaltos/ASHWATH/SAR_data_formatted_v2/lum_change/5950_20210804_20210810_DeltaLumin_100m.tif,/Bhaltos/ASHWATH/SAR_data_formatted_v2/coh_change/5950_20210729_20210804_20210810_cohChange.tif,/Bhaltos/ASHWATH/SAR_data_formatted_v2/dnbr/S2B_L2A_T10SGJ_5950_20210723T184919_20211003T184221_100m_DNBR.TIF,/Bhaltos/ASHWATH/SAR_data_formatted_v2/binary_products/5950_FIREDpy_sar_combined_20210804_20210810.tif
/Bhaltos/ASHWATH/SAR_data_formatted_v2/lum_change/5950_20210809_20210815_DeltaLumin_100m.tif,/Bhaltos/ASHWATH/SAR_data_formatted_v2/coh_change/5950_20210803_20210809_20210815_cohChange.tif,/Bhaltos/ASHWATH/SAR_data_formatted_v2/dnbr/S2B_L2A_T10SGJ_5950_20210723T184919_20211003T184221_100m_DNBR.TIF,/Bhaltos/ASHWATH/SAR_data_formatted_v2/binary_products/5950_FIREDpy_sar_combined_20210809_20210815.tif
/Bhaltos/ASHWATH/SAR_data_formatted_v2/lum_change/5950_20210810_20210822_DeltaLumin_100m.tif,/Bhaltos/ASHWATH/SAR_data_formatted_v2/coh_change/5950_20210729_20210810_20210822_cohChange.tif,/Bhaltos/ASHWATH/SAR_data_formatted_v2/dnbr/S2B_L2A_T10SGJ_5950_20210723T184919_20211003T184221_100m_DNBR.TIF,/Bhaltos/ASHWATH/SAR_data_formatted_v2/binary_products/5950_FIREDpy_sar_combined_20210810_20210822.tif
/Bhaltos/ASHWATH/SAR_data_formatted_v2/lum_change/5950_20210815_20210821_DeltaLumin_100m.tif,/Bhaltos/ASHWATH/SAR_data_formatted_v2/coh_change/5950_20210809_20210815_20210821_cohChange.tif,/Bhaltos/ASHWATH/SAR_data_formatted_v2/dnbr/S2B_L2A_T10SGJ_5950_20210723T184919_20211003T184221_100m_DNBR.TIF,/Bhaltos/ASHWATH/SAR_data_formatted_v2/binary_products/5950_FIREDpy_sar_combined_20210815_20210821.tif
/Bhaltos/ASHWATH/SAR_data_formatted_v2/lum_change/5950_20210821_20210827_DeltaLumin_100m.tif,/Bhaltos/ASHWATH/SAR_data_formatted_v2/coh_change/5950_20210815_20210821_20210827_cohChange.tif,/Bhaltos/ASHWATH/SAR_data_formatted_v2/dnbr/S2B_L2A_T10SGJ_5950_20210723T184919_20211003T184221_100m_DNBR.TIF,/Bhaltos/ASHWATH/SAR_data_formatted_v2/binary_products/5950_FIREDpy_sar_combined_20210821_20210827.tif
/Bhaltos/ASHWATH/SAR_data_formatted_v2/lum_change/5950_20210822_20210903_DeltaLumin_100m.tif,/Bhaltos/ASHWATH/SAR_data_formatted_v2/coh_change/5950_20210810_20210822_20210903_cohChange.tif,/Bhaltos/ASHWATH/SAR_data_formatted_v2/dnbr/S2B_L2A_T10SFJ_5950_20210720T183919_20211001T185119_100m_DNBR.TIF,/Bhaltos/ASHWATH/SAR_data_formatted_v2/binary_products/5950_FIREDpy_sar_combined_20210822_20210903.tif
/Bhaltos/ASHWATH/SAR_data_formatted_v2/lum_change/5950_20210827_20210902_DeltaLumin_100m.tif,/Bhaltos/ASHWATH/SAR_data_formatted_v2/coh_change/5950_20210821_20210827_20210902_cohChange.tif,/Bhaltos/ASHWATH/SAR_data_formatted_v2/dnbr/S2B_L2A_T10SFJ_5950_20210720T183919_20211001T185119_100m_DNBR.TIF,/Bhaltos/ASHWATH/SAR_data_formatted_v2/binary_products/5950_FIREDpy_sar_combined_20210827_20210902.tif
/Bhaltos/ASHWATH/SAR_data_formatted_v2/lum_change/5950_20210828_20210903_DeltaLumin_100m.tif,/Bhaltos/ASHWATH/SAR_data_formatted_v2/coh_change/5950_20210822_20210828_20210903_cohChange.tif,/Bhaltos/ASHWATH/SAR_data_formatted_v2/dnbr/S2B_L2A_T10SFJ_5950_20210720T183919_20211001T185119_100m_DNBR.TIF,/Bhaltos/ASHWATH/SAR_data_formatted_v2/binary_products/5950_FIREDpy_sar_combined_20210828_20210903.tif
/Bhaltos/ASHWATH/SAR_data_formatted_v2/lum_change/5950_20210902_20210908_DeltaLumin_100m.tif,/Bhaltos/ASHWATH/SAR_data_formatted_v2/coh_change/5950_20210827_20210902_20210908_cohChange.tif,/Bhaltos/ASHWATH/SAR_data_formatted_v2/dnbr/S2B_L2A_T10SFJ_5950_20210720T183919_20211001T185119_100m_DNBR.TIF,/Bhaltos/ASHWATH/SAR_data_formatted_v2/binary_products/5950_FIREDpy_sar_combined_20210902_20210908.tif
/Bhaltos/ASHWATH/SAR_data_formatted_v2/lum_change/5950_20210903_20210909_DeltaLumin_100m.tif,/Bhaltos/ASHWATH/SAR_data_formatted_v2/coh_change/5950_20210828_20210903_20210909_cohChange.tif,/Bhaltos/ASHWATH/SAR_data_formatted_v2/dnbr/S2B_L2A_T10SFJ_5950_20210720T183919_20211001T185119_100m_DNBR.TIF,/Bhaltos/ASHWATH/SAR_data_formatted_v2/binary_products/5950_FIREDpy_sar_combined_20210903_20210909.tif
/Bhaltos/ASHWATH/SAR_data_formatted_v2/lum_change/5950_20210908_20210914_DeltaLumin_100m.tif,/Bhaltos/ASHWATH/SAR_data_formatted_v2/coh_change/5950_20210902_20210908_20210914_cohChange.tif,/Bhaltos/ASHWATH/SAR_data_formatted_v2/dnbr/S2B_L2A_T10SFJ_5950_20210720T183919_20211001T185119_100m_DNBR.TIF,/Bhaltos/ASHWATH/SAR_data_formatted_v2/binary_products/5950_FIREDpy_sar_combined_20210908_20210914.tif
/Bhaltos/ASHWATH/SAR_data_formatted_v2/lum_change/5950_20210909_20210915_DeltaLumin_100m.tif,/Bhaltos/ASHWATH/SAR_data_formatted_v2/coh_change/5950_20210903_20210909_20210915_cohChange.tif,/Bhaltos/ASHWATH/SAR_data_formatted_v2/dnbr/S2B_L2A_T10SFJ_5950_20210720T183919_20211001T185119_100m_DNBR.TIF,/Bhaltos/ASHWATH/SAR_data_formatted_v2/binary_products/5950_FIREDpy_sar_combined_20210909_20210915.tif
/Bhaltos/ASHWATH/SAR_data_formatted_v2/lum_change/5950_20210914_20210920_DeltaLumin_100m.tif,/Bhaltos/ASHWATH/SAR_data_formatted_v2/coh_change/5950_20210908_20210914_20210920_cohChange.tif,/Bhaltos/ASHWATH/SAR_data_formatted_v2/dnbr/S2B_L2A_T10SFJ_5950_20210720T183919_20211001T185119_100m_DNBR.TIF,/Bhaltos/ASHWATH/SAR_data_formatted_v2/binary_products/5950_FIREDpy_sar_combined_20210914_20210920.tif
/Bhaltos/ASHWATH/SAR_data_formatted_v2/lum_change/5950_20210915_20210921_DeltaLumin_100m.tif,/Bhaltos/ASHWATH/SAR_data_formatted_v2/coh_change/5950_20210909_20210915_20210921_cohChange.tif,/Bhaltos/ASHWATH/SAR_data_formatted_v2/dnbr/S2B_L2A_T10SFJ_5950_20210720T183919_20211001T185119_100m_DNBR.TIF,/Bhaltos/ASHWATH/SAR_data_formatted_v2/binary_products/5950_FIREDpy_sar_combined_20210915_20210921.tif
/Bhaltos/ASHWATH/SAR_data_formatted_v2/lum_change/5950_20210920_20210926_DeltaLumin_100m.tif,/Bhaltos/ASHWATH/SAR_data_formatted_v2/coh_change/5950_20210914_20210920_20210926_cohChange.tif,/Bhaltos/ASHWATH/SAR_data_formatted_v2/dnbr/S2B_L2A_T10SFJ_5950_20210720T183919_20211001T185119_100m_DNBR.TIF,/Bhaltos/ASHWATH/SAR_data_formatted_v2/binary_products/5950_FIREDpy_sar_combined_20210920_20210926.tif
/Bhaltos/ASHWATH/SAR_data_formatted_v2/lum_change/5950_20210921_20210927_DeltaLumin_100m.tif,/Bhaltos/ASHWATH/SAR_data_formatted_v2/coh_change/5950_20210915_20210921_20210927_cohChange.tif,/Bhaltos/ASHWATH/SAR_data_formatted_v2/dnbr/S2B_L2A_T10SFJ_5950_20210720T183919_20211001T185119_100m_DNBR.TIF,/Bhaltos/ASHWATH/SAR_data_formatted_v2/binary_products/5950_FIREDpy_sar_combined_20210921_20210927.tif
/Bhaltos/ASHWATH/SAR_data_formatted_v2/lum_change/5950_20210926_20211002_DeltaLumin_100m.tif,/Bhaltos/ASHWATH/SAR_data_formatted_v2/coh_change/5950_20210920_20210926_20211002_cohChange.tif,/Bhaltos/ASHWATH/SAR_data_formatted_v2/dnbr/S2B_L2A_T10SFJ_5950_20210720T183919_20211001T185119_100m_DNBR.TIF,/Bhaltos/ASHWATH/SAR_data_formatted_v2/binary_products/5950_FIREDpy_sar_combined_20210926_20211002.tif
/Bhaltos/ASHWATH/SAR_data_formatted_v2/lum_change/5950_20210927_20211003_DeltaLumin_100m.tif,/Bhaltos/ASHWATH/SAR_data_formatted_v2/coh_change/5950_20210921_20210927_20211003_cohChange.tif,/Bhaltos/ASHWATH/SAR_data_formatted_v2/dnbr/S2B_L2A_T10SFJ_5950_20210720T183919_20211003T184221_100m_DNBR.TIF,/Bhaltos/ASHWATH/SAR_data_formatted_v2/binary_products/5950_FIREDpy_sar_combined_20210927_20211003.tif
/Bhaltos/ASHWATH/SAR_data_formatted_v2/lum_change/5950_20211002_20211008_DeltaLumin_100m.tif,/Bhaltos/ASHWATH/SAR_data_formatted_v2/coh_change/5950_20210926_20211002_20211008_cohChange.tif,/Bhaltos/ASHWATH/SAR_data_formatted_v2/dnbr/S2B_L2A_T10SFJ_5950_20210720T183919_20211001T185119_100m_DNBR.TIF,/Bhaltos/ASHWATH/SAR_data_formatted_v2/binary_products/5950_FIREDpy_sar_combined_20211002_20211008.tif
/Bhaltos/ASHWATH/SAR_data_formatted_v2/lum_change/5950_20211003_20211009_DeltaLumin_100m.tif,/Bhaltos/ASHWATH/SAR_data_formatted_v2/coh_change/5950_20210927_20211003_20211009_cohChange.tif,/Bhaltos/ASHWATH/SAR_data_formatted_v2/dnbr/S2B_L2A_T10SFJ_5950_20210720T183919_20211003T184221_100m_DNBR.TIF,/Bhaltos/ASHWATH/SAR_data_formatted_v2/binary_products/5950_FIREDpy_sar_combined_20211003_20211009.tif
/Bhaltos/ASHWATH/SAR_data_formatted_v2/lum_change/5950_20211008_20211014_DeltaLumin_100m.tif,/Bhaltos/ASHWATH/SAR_data_formatted_v2/coh_change/5950_20211002_20211008_20211014_cohChange.tif,/Bhaltos/ASHWATH/SAR_data_formatted_v2/dnbr/S2B_L2A_T10SFJ_5950_20210720T183919_20211011T185319_100m_DNBR.TIF,/Bhaltos/ASHWATH/SAR_data_formatted_v2/binary_products/5950_FIREDpy_sar_combined_20211008_20211014.tif
/Bhaltos/ASHWATH/SAR_data_formatted_v2/lum_change/5950_20211009_20211015_DeltaLumin_100m.tif,/Bhaltos/ASHWATH/SAR_data_formatted_v2/coh_change/5950_20211003_20211009_20211015_cohChange.tif,/Bhaltos/ASHWATH/SAR_data_formatted_v2/dnbr/S2B_L2A_T10SFJ_5950_20210720T183919_20211016T185401_100m_DNBR.TIF,/Bhaltos/ASHWATH/SAR_data_formatted_v2/binary_products/5950_FIREDpy_sar_combined_20211009_20211015.tif
/Bhaltos/ASHWATH/SAR_data_formatted_v2/lum_change/5950_20211014_20211020_DeltaLumin_100m.tif,/Bhaltos/ASHWATH/SAR_data_formatted_v2/coh_change/5950_20211008_20211014_20211020_cohChange.tif,/Bhaltos/ASHWATH/SAR_data_formatted_v2/dnbr/S2B_L2A_T10SFJ_5950_20210720T183919_20211011T185319_100m_DNBR.TIF,/Bhaltos/ASHWATH/SAR_data_formatted_v2/binary_products/5950_FIREDpy_sar_combined_20211014_20211020.tif
/Bhaltos/ASHWATH/SAR_data_formatted_v2/lum_change/5950_20211015_20211021_DeltaLumin_100m.tif,/Bhaltos/ASHWATH/SAR_data_formatted_v2/coh_change/5950_20211009_20211015_20211021_cohChange.tif,/Bhaltos/ASHWATH/SAR_data_formatted_v2/dnbr/S2B_L2A_T10SFJ_5950_20210720T183919_20211016T185401_100m_DNBR.TIF,/Bhaltos/ASHWATH/SAR_data_formatted_v2/binary_products/5950_FIREDpy_sar_combined_20211015_20211021.tif
/Bhaltos/ASHWATH/SAR_data_formatted_v2/lum_change/5950_20211020_20211026_DeltaLumin_100m.tif,/Bhaltos/ASHWATH/SAR_data_formatted_v2/coh_change/5950_20211014_20211020_20211026_cohChange.tif,/Bhaltos/ASHWATH/SAR_data_formatted_v2/dnbr/S2B_L2A_T10SFJ_5950_20210720T183919_20211028T184509_100m_DNBR.TIF,/Bhaltos/ASHWATH/SAR_data_formatted_v2/binary_products/5950_FIREDpy_sar_combined_20211020_20211026.tif
/Bhaltos/ASHWATH/SAR_data_formatted_v2/lum_change/5950_20211021_20211027_DeltaLumin_100m.tif,/Bhaltos/ASHWATH/SAR_data_formatted_v2/coh_change/5950_20211015_20211021_20211027_cohChange.tif,/Bhaltos/ASHWATH/SAR_data_formatted_v2/dnbr/S2B_L2A_T10SFJ_5950_20210720T183919_20211028T184509_100m_DNBR.TIF,/Bhaltos/ASHWATH/SAR_data_formatted_v2/binary_products/5950_FIREDpy_sar_combined_20211021_20211027.tif
/Bhaltos/ASHWATH/SAR_data_formatted_v2/lum_change/5950_20211026_20211101_DeltaLumin_100m.tif,/Bhaltos/ASHWATH/SAR_data_formatted_v2/coh_change/5950_20211020_20211026_20211101_cohChange.tif,/Bhaltos/ASHWATH/SAR_data_formatted_v2/dnbr/S2B_L2A_T10SFJ_5950_20210720T183919_20211028T184509_100m_DNBR.TIF,/Bhaltos/ASHWATH/SAR_data_formatted_v2/binary_products/5950_FIREDpy_sar_combined_20211026_20211101.tif
/Bhaltos/ASHWATH/SAR_data_formatted_v2/lum_change/5950_20211027_20211102_DeltaLumin_100m.tif,/Bhaltos/ASHWATH/SAR_data_formatted_v2/coh_change/5950_20211021_20211027_20211102_cohChange.tif,/Bhaltos/ASHWATH/SAR_data_formatted_v2/dnbr/S2B_L2A_T10SFJ_5950_20210720T183919_20211028T184509_100m_DNBR.TIF,/Bhaltos/ASHWATH/SAR_data_formatted_v2/binary_products/5950_FIREDpy_sar_combined_20211027_20211102.tif
/Bhaltos/ASHWATH/SAR_data_formatted_v2/lum_change/5950_20211101_20211107_DeltaLumin_100m.tif,/Bhaltos/ASHWATH/SAR_data_formatted_v2/coh_change/5950_20211026_20211101_20211107_cohChange.tif,/Bhaltos/ASHWATH/SAR_data_formatted_v2/dnbr/S2B_L2A_T10SFJ_5950_20210720T183919_20211107T184559_100m_DNBR.TIF,/Bhaltos/ASHWATH/SAR_data_formatted_v2/binary_products/5950_FIREDpy_sar_combined_20211101_20211107.tif
/Bhaltos/ASHWATH/SAR_data_formatted_v2/lum_change/5950_20211102_20211108_DeltaLumin_100m.tif,/Bhaltos/ASHWATH/SAR_data_formatted_v2/coh_change/5950_20211027_20211102_20211108_cohChange.tif,/Bhaltos/ASHWATH/SAR_data_formatted_v2/dnbr/S2B_L2A_T10SFJ_5950_20210720T183919_20211107T184559_100m_DNBR.TIF,/Bhaltos/ASHWATH/SAR_data_formatted_v2/binary_products/5950_FIREDpy_sar_combined_20211102_20211108.tif
/Bhaltos/ASHWATH/SAR_data_formatted_v2/lum_change/5950_20211107_20211113_DeltaLumin_100m.tif,/Bhaltos/ASHWATH/SAR_data_formatted_v2/coh_change/5950_20211101_20211107_20211113_cohChange.tif,/Bhaltos/ASHWATH/SAR_data_formatted_v2/dnbr/S2B_L2A_T10SFJ_5950_20210720T183919_20211107T184559_100m_DNBR.TIF,/Bhaltos/ASHWATH/SAR_data_formatted_v2/binary_products/5950_FIREDpy_sar_combined_20211107_20211113.tif
/Bhaltos/ASHWATH/SAR_data_formatted_v2/lum_change/5950_20211108_20211114_DeltaLumin_100m.tif,/Bhaltos/ASHWATH/SAR_data_formatted_v2/coh_change/5950_20211102_20211108_20211114_cohChange.tif,/Bhaltos/ASHWATH/SAR_data_formatted_v2/dnbr/S2B_L2A_T10SFJ_5950_20210720T183919_20211107T184559_100m_DNBR.TIF,/Bhaltos/ASHWATH/SAR_data_formatted_v2/binary_products/5950_FIREDpy_sar_combined_20211108_20211114.tif
/Bhaltos/ASHWATH/SAR_data_formatted_v2/lum_change/7123_20210518_20210530_DeltaLumin_100m.tif,/Bhaltos/ASHWATH/SAR_data_formatted_v2/coh_change/7123_20210506_20210518_20210530_cohChange.tif,/Bhaltos/ASHWATH/SAR_data_formatted_v2/dnbr/S2B_L2A_T12VXH_7123_20210714T181919_20210818T181921_100m_DNBR.TIF,/Bhaltos/ASHWATH/SAR_data_formatted_v2/binary_products/7123_FIREDpy_sar_combined_20210518_20210530.tif
/Bhaltos/ASHWATH/SAR_data_formatted_v2/lum_change/7123_20210519_20210531_DeltaLumin_100m.tif,/Bhaltos/ASHWATH/SAR_data_formatted_v2/coh_change/7123_20210507_20210519_20210531_cohChange.tif,/Bhaltos/ASHWATH/SAR_data_formatted_v2/dnbr/S2B_L2A_T12VXH_7123_20210714T181919_20210818T181921_100m_DNBR.TIF,/Bhaltos/ASHWATH/SAR_data_formatted_v2/binary_products/7123_FIREDpy_sar_combined_20210519_20210531.tif
/Bhaltos/ASHWATH/SAR_data_formatted_v2/lum_change/7123_20210525_20210606_DeltaLumin_100m.tif,/Bhaltos/ASHWATH/SAR_data_formatted_v2/coh_change/7123_20210513_20210525_20210606_cohChange.tif,/Bhaltos/ASHWATH/SAR_data_formatted_v2/dnbr/S2B_L2A_T12VXH_7123_20210714T181919_20210818T181921_100m_DNBR.TIF,/Bhaltos/ASHWATH/SAR_data_formatted_v2/binary_products/7123_FIREDpy_sar_combined_20210525_20210606.tif
/Bhaltos/ASHWATH/SAR_data_formatted_v2/lum_change/7123_20210530_20210611_DeltaLumin_100m.tif,/Bhaltos/ASHWATH/SAR_data_formatted_v2/coh_change/7123_20210518_20210530_20210611_cohChange.tif,/Bhaltos/ASHWATH/SAR_data_formatted_v2/dnbr/S2B_L2A_T12VXH_7123_20210714T181919_20210818T181921_100m_DNBR.TIF,/Bhaltos/ASHWATH/SAR_data_formatted_v2/binary_products/7123_FIREDpy_sar_combined_20210530_20210611.tif
/Bhaltos/ASHWATH/SAR_data_formatted_v2/lum_change/7123_20210531_20210612_DeltaLumin_100m.tif,/Bhaltos/ASHWATH/SAR_data_formatted_v2/coh_change/7123_20210519_20210531_20210612_cohChange.tif,/Bhaltos/ASHWATH/SAR_data_formatted_v2/dnbr/S2B_L2A_T12VXH_7123_20210714T181919_20210818T181921_100m_DNBR.TIF,/Bhaltos/ASHWATH/SAR_data_formatted_v2/binary_products/7123_FIREDpy_sar_combined_20210531_20210612.tif
/Bhaltos/ASHWATH/SAR_data_formatted_v2/lum_change/7123_20210606_20210618_DeltaLumin_100m.tif,/Bhaltos/ASHWATH/SAR_data_formatted_v2/coh_change/7123_20210525_20210606_20210618_cohChange.tif,/Bhaltos/ASHWATH/SAR_data_formatted_v2/dnbr/S2B_L2A_T12VXH_7123_20210714T181919_20210818T181921_100m_DNBR.TIF,/Bhaltos/ASHWATH/SAR_data_formatted_v2/binary_products/7123_FIREDpy_sar_combined_20210606_20210618.tif
/Bhaltos/ASHWATH/SAR_data_formatted_v2/lum_change/7123_20210611_20210623_DeltaLumin_100m.tif,/Bhaltos/ASHWATH/SAR_data_formatted_v2/coh_change/7123_20210530_20210611_20210623_cohChange.tif,/Bhaltos/ASHWATH/SAR_data_formatted_v2/dnbr/S2B_L2A_T12VXH_7123_20210714T181919_20210818T181921_100m_DNBR.TIF,/Bhaltos/ASHWATH/SAR_data_formatted_v2/binary_products/7123_FIREDpy_sar_combined_20210611_20210623.tif
/Bhaltos/ASHWATH/SAR_data_formatted_v2/lum_change/7123_20210612_20210624_DeltaLumin_100m.tif,/Bhaltos/ASHWATH/SAR_data_formatted_v2/coh_change/7123_20210531_20210612_20210624_cohChange.tif,/Bhaltos/ASHWATH/SAR_data_formatted_v2/dnbr/S2B_L2A_T12VXH_7123_20210714T181919_20210818T181921_100m_DNBR.TIF,/Bhaltos/ASHWATH/SAR_data_formatted_v2/binary_products/7123_FIREDpy_sar_combined_20210612_20210624.tif
/Bhaltos/ASHWATH/SAR_data_formatted_v2/lum_change/7123_20210618_20210630_DeltaLumin_100m.tif,/Bhaltos/ASHWATH/SAR_data_formatted_v2/coh_change/7123_20210606_20210618_20210630_cohChange.tif,/Bhaltos/ASHWATH/SAR_data_formatted_v2/dnbr/S2B_L2A_T12VXH_7123_20210714T181919_20210818T181921_100m_DNBR.TIF,/Bhaltos/ASHWATH/SAR_data_formatted_v2/binary_products/7123_FIREDpy_sar_combined_20210618_20210630.tif
/Bhaltos/ASHWATH/SAR_data_formatted_v2/lum_change/7123_20210623_20210705_DeltaLumin_100m.tif,/Bhaltos/ASHWATH/SAR_data_formatted_v2/coh_change/7123_20210611_20210623_20210705_cohChange.tif,/Bhaltos/ASHWATH/SAR_data_formatted_v2/dnbr/S2B_L2A_T12VXH_7123_20210714T181919_20210818T181921_100m_DNBR.TIF,/Bhaltos/ASHWATH/SAR_data_formatted_v2/binary_products/7123_FIREDpy_sar_combined_20210623_20210705.tif
/Bhaltos/ASHWATH/SAR_data_formatted_v2/lum_change/7123_20210624_20210706_DeltaLumin_100m.tif,/Bhaltos/ASHWATH/SAR_data_formatted_v2/coh_change/7123_20210612_20210624_20210706_cohChange.tif,/Bhaltos/ASHWATH/SAR_data_formatted_v2/dnbr/S2B_L2A_T12VXH_7123_20210714T181919_20210818T181921_100m_DNBR.TIF,/Bhaltos/ASHWATH/SAR_data_formatted_v2/binary_products/7123_FIREDpy_sar_combined_20210624_20210706.tif
/Bhaltos/ASHWATH/SAR_data_formatted_v2/lum_change/7123_20210630_20210712_DeltaLumin_100m.tif,/Bhaltos/ASHWATH/SAR_data_formatted_v2/coh_change/7123_20210618_20210630_20210712_cohChange.tif,/Bhaltos/ASHWATH/SAR_data_formatted_v2/dnbr/S2B_L2A_T12VXH_7123_20210714T181919_20210818T181921_100m_DNBR.TIF,/Bhaltos/ASHWATH/SAR_data_formatted_v2/binary_products/7123_FIREDpy_sar_combined_20210630_20210712.tif
/Bhaltos/ASHWATH/SAR_data_formatted_v2/lum_change/7123_20210705_20210717_DeltaLumin_100m.tif,/Bhaltos/ASHWATH/SAR_data_formatted_v2/coh_change/7123_20210623_20210705_20210717_cohChange.tif,/Bhaltos/ASHWATH/SAR_data_formatted_v2/dnbr/S2B_L2A_T12VXH_7123_20210714T181919_20210818T181921_100m_DNBR.TIF,/Bhaltos/ASHWATH/SAR_data_formatted_v2/binary_products/7123_FIREDpy_sar_combined_20210705_20210717.tif
/Bhaltos/ASHWATH/SAR_data_formatted_v2/lum_change/7123_20210706_20210718_DeltaLumin_100m.tif,/Bhaltos/ASHWATH/SAR_data_formatted_v2/coh_change/7123_20210624_20210706_20210718_cohChange.tif,/Bhaltos/ASHWATH/SAR_data_formatted_v2/dnbr/S2B_L2A_T12VXH_7123_20210714T181919_20210818T181921_100m_DNBR.TIF,/Bhaltos/ASHWATH/SAR_data_formatted_v2/binary_products/7123_FIREDpy_sar_combined_20210706_20210718.tif
/Bhaltos/ASHWATH/SAR_data_formatted_v2/lum_change/7123_20210712_20210724_DeltaLumin_100m.tif,/Bhaltos/ASHWATH/SAR_data_formatted_v2/coh_change/7123_20210630_20210712_20210724_cohChange.tif,/Bhaltos/ASHWATH/SAR_data_formatted_v2/dnbr/S2B_L2A_T12VXH_7123_20210714T181919_20210818T181921_100m_DNBR.TIF,/Bhaltos/ASHWATH/SAR_data_formatted_v2/binary_products/7123_FIREDpy_sar_combined_20210712_20210724.tif
/Bhaltos/ASHWATH/SAR_data_formatted_v2/lum_change/7123_20210717_20210729_DeltaLumin_100m.tif,/Bhaltos/ASHWATH/SAR_data_formatted_v2/coh_change/7123_20210705_20210717_20210729_cohChange.tif,/Bhaltos/ASHWATH/SAR_data_formatted_v2/dnbr/S2B_L2A_T12VXH_7123_20210714T181919_20210818T181921_100m_DNBR.TIF,/Bhaltos/ASHWATH/SAR_data_formatted_v2/binary_products/7123_FIREDpy_sar_combined_20210717_20210729.tif
/Bhaltos/ASHWATH/SAR_data_formatted_v2/lum_change/7123_20210718_20210730_DeltaLumin_100m.tif,/Bhaltos/ASHWATH/SAR_data_formatted_v2/coh_change/7123_20210706_20210718_20210730_cohChange.tif,/Bhaltos/ASHWATH/SAR_data_formatted_v2/dnbr/S2B_L2A_T12VXH_7123_20210714T181919_20210818T181921_100m_DNBR.TIF,/Bhaltos/ASHWATH/SAR_data_formatted_v2/binary_products/7123_FIREDpy_sar_combined_20210718_20210730.tif
/Bhaltos/ASHWATH/SAR_data_formatted_v2/lum_change/7123_20210724_20210805_DeltaLumin_100m.tif,/Bhaltos/ASHWATH/SAR_data_formatted_v2/coh_change/7123_20210712_20210724_20210805_cohChange.tif,/Bhaltos/ASHWATH/SAR_data_formatted_v2/dnbr/S2B_L2A_T12VXH_7123_20210714T181919_20210818T181921_100m_DNBR.TIF,/Bhaltos/ASHWATH/SAR_data_formatted_v2/binary_products/7123_FIREDpy_sar_combined_20210724_20210805.tif
/Bhaltos/ASHWATH/SAR_data_formatted_v2/lum_change/7123_20210729_20210810_DeltaLumin_100m.tif,/Bhaltos/ASHWATH/SAR_data_formatted_v2/coh_change/7123_20210717_20210729_20210810_cohChange.tif,/Bhaltos/ASHWATH/SAR_data_formatted_v2/dnbr/S2B_L2A_T12UXG_7123_20210714T181919_20210816T182919_100m_DNBR.TIF,/Bhaltos/ASHWATH/SAR_data_formatted_v2/binary_products/7123_FIREDpy_sar_combined_20210729_20210810.tif
/Bhaltos/ASHWATH/SAR_data_formatted_v2/lum_change/7123_20210730_20210811_DeltaLumin_100m.tif,/Bhaltos/ASHWATH/SAR_data_formatted_v2/coh_change/7123_20210718_20210730_20210811_cohChange.tif,/Bhaltos/ASHWATH/SAR_data_formatted_v2/dnbr/S2B_L2A_T12UXG_7123_20210714T181919_20210816T182919_100m_DNBR.TIF,/Bhaltos/ASHWATH/SAR_data_formatted_v2/binary_products/7123_FIREDpy_sar_combined_20210730_20210811.tif
/Bhaltos/ASHWATH/SAR_data_formatted_v2/lum_change/7123_20210805_20210817_DeltaLumin_100m.tif,/Bhaltos/ASHWATH/SAR_data_formatted_v2/coh_change/7123_20210724_20210805_20210817_cohChange.tif,/Bhaltos/ASHWATH/SAR_data_formatted_v2/dnbr/S2B_L2A_T12UXG_7123_20210714T181919_20210816T182919_100m_DNBR.TIF,/Bhaltos/ASHWATH/SAR_data_formatted_v2/binary_products/7123_FIREDpy_sar_combined_20210805_20210817.tif
/Bhaltos/ASHWATH/SAR_data_formatted_v2/lum_change/7123_20210810_20210822_DeltaLumin_100m.tif,/Bhaltos/ASHWATH/SAR_data_formatted_v2/coh_change/7123_20210729_20210810_20210822_cohChange.tif,/Bhaltos/ASHWATH/SAR_data_formatted_v2/dnbr/S2B_L2A_T12VXH_7123_20210714T181919_20210818T181921_100m_DNBR.TIF,/Bhaltos/ASHWATH/SAR_data_formatted_v2/binary_products/7123_FIREDpy_sar_combined_20210810_20210822.tif
/Bhaltos/ASHWATH/SAR_data_formatted_v2/lum_change/7123_20210811_20210823_DeltaLumin_100m.tif,/Bhaltos/ASHWATH/SAR_data_formatted_v2/coh_change/7123_20210730_20210811_20210823_cohChange.tif,/Bhaltos/ASHWATH/SAR_data_formatted_v2/dnbr/S2B_L2A_T12VXH_7123_20210714T181919_20210818T181921_100m_DNBR.TIF,/Bhaltos/ASHWATH/SAR_data_formatted_v2/binary_products/7123_FIREDpy_sar_combined_20210811_20210823.tif
/Bhaltos/ASHWATH/SAR_data_formatted_v2/lum_change/7123_20210817_20210829_DeltaLumin_100m.tif,/Bhaltos/ASHWATH/SAR_data_formatted_v2/coh_change/7123_20210805_20210817_20210829_cohChange.tif,/Bhaltos/ASHWATH/SAR_data_formatted_v2/dnbr/S2B_L2A_T12UXG_7123_20210714T181919_20210816T182919_100m_DNBR.TIF,/Bhaltos/ASHWATH/SAR_data_formatted_v2/binary_products/7123_FIREDpy_sar_combined_20210817_20210829.tif
/Bhaltos/ASHWATH/SAR_data_formatted_v2/lum_change/7123_20210822_20210903_DeltaLumin_100m.tif,/Bhaltos/ASHWATH/SAR_data_formatted_v2/coh_change/7123_20210810_20210822_20210903_cohChange.tif,/Bhaltos/ASHWATH/SAR_data_formatted_v2/dnbr/S2B_L2A_T12VXH_7123_20210714T181919_20210818T181921_100m_DNBR.TIF,/Bhaltos/ASHWATH/SAR_data_formatted_v2/binary_products/7123_FIREDpy_sar_combined_20210822_20210903.tif
/Bhaltos/ASHWATH/SAR_data_formatted_v2/lum_change/7123_20210823_20210904_DeltaLumin_100m.tif,/Bhaltos/ASHWATH/SAR_data_formatted_v2/coh_change/7123_20210811_20210823_20210904_cohChange.tif,/Bhaltos/ASHWATH/SAR_data_formatted_v2/dnbr/S2B_L2A_T12VXH_7123_20210714T181919_20210818T181921_100m_DNBR.TIF,/Bhaltos/ASHWATH/SAR_data_formatted_v2/binary_products/7123_FIREDpy_sar_combined_20210823_20210904.tif
/Bhaltos/ASHWATH/SAR_data_formatted_v2/lum_change/7123_20210829_20210910_DeltaLumin_100m.tif,/Bhaltos/ASHWATH/SAR_data_formatted_v2/coh_change/7123_20210817_20210829_20210910_cohChange.tif,/Bhaltos/ASHWATH/SAR_data_formatted_v2/dnbr/S2B_L2A_T12VXH_7123_20210714T181919_20210818T181921_100m_DNBR.TIF,/Bhaltos/ASHWATH/SAR_data_formatted_v2/binary_products/7123_FIREDpy_sar_combined_20210829_20210910.tif
/Bhaltos/ASHWATH/SAR_data_formatted_v2/lum_change/7792_20200702_20200714_DeltaLumin_100m.tif,/Bhaltos/ASHWATH/SAR_data_formatted_v2/coh_change/7792_20200620_20200702_20200714_cohChange.tif,/Bhaltos/ASHWATH/SAR_data_formatted_v2/dnbr/S2B_L2A_T12SXJ_7792_20200713T175909_20200916T180011_100m_DNBR.TIF,/Bhaltos/ASHWATH/SAR_data_formatted_v2/binary_products/7792_FIREDpy_sar_combined_20200702_20200714.tif
/Bhaltos/ASHWATH/SAR_data_formatted_v2/lum_change/7792_20200714_20200726_DeltaLumin_100m.tif,/Bhaltos/ASHWATH/SAR_data_formatted_v2/coh_change/7792_20200702_20200714_20200726_cohChange.tif,/Bhaltos/ASHWATH/SAR_data_formatted_v2/dnbr/S2B_L2A_T12SXJ_7792_20200713T175909_20200916T180011_100m_DNBR.TIF,/Bhaltos/ASHWATH/SAR_data_formatted_v2/binary_products/7792_FIREDpy_sar_combined_20200714_20200726.tif
/Bhaltos/ASHWATH/SAR_data_formatted_v2/lum_change/7792_20200726_20200807_DeltaLumin_100m.tif,/Bhaltos/ASHWATH/SAR_data_formatted_v2/coh_change/7792_20200714_20200726_20200807_cohChange.tif,/Bhaltos/ASHWATH/SAR_data_formatted_v2/dnbr/S2B_L2A_T12SXJ_7792_20200623T175919_20200807T175921_100m_DNBR.TIF,/Bhaltos/ASHWATH/SAR_data_formatted_v2/binary_products/7792_FIREDpy_sar_combined_20200726_20200807.tif
/Bhaltos/ASHWATH/SAR_data_formatted_v2/lum_change/7792_20200727_20200808_DeltaLumin_100m.tif,/Bhaltos/ASHWATH/SAR_data_formatted_v2/coh_change/7792_20200715_20200727_20200808_cohChange.tif,/Bhaltos/ASHWATH/SAR_data_formatted_v2/dnbr/S2B_L2A_T12SXJ_7792_20200623T175919_20200807T175921_100m_DNBR.TIF,/Bhaltos/ASHWATH/SAR_data_formatted_v2/binary_products/7792_FIREDpy_sar_combined_20200727_20200808.tif
/Bhaltos/ASHWATH/SAR_data_formatted_v2/lum_change/7792_20200807_20200819_DeltaLumin_100m.tif,/Bhaltos/ASHWATH/SAR_data_formatted_v2/coh_change/7792_20200726_20200807_20200819_cohChange.tif,/Bhaltos/ASHWATH/SAR_data_formatted_v2/dnbr/S2B_L2A_T12SXJ_7792_20200623T175919_20200807T175921_100m_DNBR.TIF,/Bhaltos/ASHWATH/SAR_data_formatted_v2/binary_products/7792_FIREDpy_sar_combined_20200807_20200819.tif
/Bhaltos/ASHWATH/SAR_data_formatted_v2/lum_change/7792_20200808_20200820_DeltaLumin_100m.tif,/Bhaltos/ASHWATH/SAR_data_formatted_v2/coh_change/7792_20200727_20200808_20200820_cohChange.tif,/Bhaltos/ASHWATH/SAR_data_formatted_v2/dnbr/S2B_L2A_T12SXJ_7792_20200623T175919_20200807T175921_100m_DNBR.TIF,/Bhaltos/ASHWATH/SAR_data_formatted_v2/binary_products/7792_FIREDpy_sar_combined_20200808_20200820.tif
/Bhaltos/ASHWATH/SAR_data_formatted_v2/lum_change/7792_20200819_20200831_DeltaLumin_100m.tif,/Bhaltos/ASHWATH/SAR_data_formatted_v2/coh_change/7792_20200807_20200819_20200831_cohChange.tif,/Bhaltos/ASHWATH/SAR_data_formatted_v2/dnbr/S2B_L2A_T12SXJ_7792_20200623T175919_20200817T175921_100m_DNBR.TIF,/Bhaltos/ASHWATH/SAR_data_formatted_v2/binary_products/7792_FIREDpy_sar_combined_20200819_20200831.tif
/Bhaltos/ASHWATH/SAR_data_formatted_v2/lum_change/7792_20200820_20200901_DeltaLumin_100m.tif,/Bhaltos/ASHWATH/SAR_data_formatted_v2/coh_change/7792_20200808_20200820_20200901_cohChange.tif,/Bhaltos/ASHWATH/SAR_data_formatted_v2/dnbr/S2B_L2A_T12SXJ_7792_20200623T175919_20200901T175919_100m_DNBR.TIF,/Bhaltos/ASHWATH/SAR_data_formatted_v2/binary_products/7792_FIREDpy_sar_combined_20200820_20200901.tif
/Bhaltos/ASHWATH/SAR_data_formatted_v2/lum_change/7792_20200831_20200912_DeltaLumin_100m.tif,/Bhaltos/ASHWATH/SAR_data_formatted_v2/coh_change/7792_20200819_20200831_20200912_cohChange.tif,/Bhaltos/ASHWATH/SAR_data_formatted_v2/dnbr/S2B_L2A_T12SXJ_7792_20200623T175919_20200911T175919_100m_DNBR.TIF,/Bhaltos/ASHWATH/SAR_data_formatted_v2/binary_products/7792_FIREDpy_sar_combined_20200831_20200912.tif
/Bhaltos/ASHWATH/SAR_data_formatted_v2/lum_change/7792_20200901_20200913_DeltaLumin_100m.tif,/Bhaltos/ASHWATH/SAR_data_formatted_v2/coh_change/7792_20200820_20200901_20200913_cohChange.tif,/Bhaltos/ASHWATH/SAR_data_formatted_v2/dnbr/S2B_L2A_T12SXJ_7792_20200623T175919_20200901T175919_100m_DNBR.TIF,/Bhaltos/ASHWATH/SAR_data_formatted_v2/binary_products/7792_FIREDpy_sar_combined_20200901_20200913.tif
/Bhaltos/ASHWATH/SAR_data_formatted_v2/lum_change/7792_20200912_20200924_DeltaLumin_100m.tif,/Bhaltos/ASHWATH/SAR_data_formatted_v2/coh_change/7792_20200831_20200912_20200924_cohChange.tif,/Bhaltos/ASHWATH/SAR_data_formatted_v2/dnbr/S2B_L2A_T12SXJ_7792_20200623T175919_20200911T175919_100m_DNBR.TIF,/Bhaltos/ASHWATH/SAR_data_formatted_v2/binary_products/7792_FIREDpy_sar_combined_20200912_20200924.tif
/Bhaltos/ASHWATH/SAR_data_formatted_v2/lum_change/7792_20200913_20200925_DeltaLumin_100m.tif,/Bhaltos/ASHWATH/SAR_data_formatted_v2/coh_change/7792_20200901_20200913_20200925_cohChange.tif,/Bhaltos/ASHWATH/SAR_data_formatted_v2/dnbr/S2B_L2A_T12SXJ_7792_20200623T175919_20200911T175919_100m_DNBR.TIF,/Bhaltos/ASHWATH/SAR_data_formatted_v2/binary_products/7792_FIREDpy_sar_combined_20200913_20200925.tif
/Bhaltos/ASHWATH/SAR_data_formatted_v2/lum_change/7792_20200924_20201006_DeltaLumin_100m.tif,/Bhaltos/ASHWATH/SAR_data_formatted_v2/coh_change/7792_20200912_20200924_20201006_cohChange.tif,/Bhaltos/ASHWATH/SAR_data_formatted_v2/dnbr/S2B_L2A_T12SXJ_7792_20200623T175919_20201006T180231_100m_DNBR.TIF,/Bhaltos/ASHWATH/SAR_data_formatted_v2/binary_products/7792_FIREDpy_sar_combined_20200924_20201006.tif
/Bhaltos/ASHWATH/SAR_data_formatted_v2/lum_change/7792_20200925_20201007_DeltaLumin_100m.tif,/Bhaltos/ASHWATH/SAR_data_formatted_v2/coh_change/7792_20200913_20200925_20201007_cohChange.tif,/Bhaltos/ASHWATH/SAR_data_formatted_v2/dnbr/S2B_L2A_T12SXJ_7792_20200623T175919_20201006T180231_100m_DNBR.TIF,/Bhaltos/ASHWATH/SAR_data_formatted_v2/binary_products/7792_FIREDpy_sar_combined_20200925_20201007.tif
/Bhaltos/ASHWATH/SAR_data_formatted_v2/lum_change/9844_20201113_20201125_DeltaLumin_100m.tif,/Bhaltos/ASHWATH/SAR_data_formatted_v2/coh_change/9844_20201101_20201113_20201125_cohChange.tif,/Bhaltos/ASHWATH/SAR_data_formatted_v2/dnbr/S2B_L2A_T18NZJ_9844_20210105T151709_20210321T151701_100m_DNBR.TIF,/Bhaltos/ASHWATH/SAR_data_formatted_v2/binary_products/9844_FIREDpy_sar_combined_20201113_20201125.tif
/Bhaltos/ASHWATH/SAR_data_formatted_v2/lum_change/9844_20201120_20201202_DeltaLumin_100m.tif,/Bhaltos/ASHWATH/SAR_data_formatted_v2/coh_change/9844_20201108_20201120_20201202_cohChange.tif,/Bhaltos/ASHWATH/SAR_data_formatted_v2/dnbr/S2B_L2A_T18NZJ_9844_20210105T151709_20210321T151701_100m_DNBR.TIF,/Bhaltos/ASHWATH/SAR_data_formatted_v2/binary_products/9844_FIREDpy_sar_combined_20201120_20201202.tif
/Bhaltos/ASHWATH/SAR_data_formatted_v2/lum_change/9844_20201125_20201207_DeltaLumin_100m.tif,/Bhaltos/ASHWATH/SAR_data_formatted_v2/coh_change/9844_20201113_20201125_20201207_cohChange.tif,/Bhaltos/ASHWATH/SAR_data_formatted_v2/dnbr/S2B_L2A_T18NZJ_9844_20210105T151709_20210321T151701_100m_DNBR.TIF,/Bhaltos/ASHWATH/SAR_data_formatted_v2/binary_products/9844_FIREDpy_sar_combined_20201125_20201207.tif
/Bhaltos/ASHWATH/SAR_data_formatted_v2/lum_change/9844_20201207_20201219_DeltaLumin_100m.tif,/Bhaltos/ASHWATH/SAR_data_formatted_v2/coh_change/9844_20201125_20201207_20201219_cohChange.tif,/Bhaltos/ASHWATH/SAR_data_formatted_v2/dnbr/S2B_L2A_T18NZJ_9844_20210105T151709_20210321T151701_100m_DNBR.TIF,/Bhaltos/ASHWATH/SAR_data_formatted_v2/binary_products/9844_FIREDpy_sar_combined_20201207_20201219.tif
/Bhaltos/ASHWATH/SAR_data_formatted_v2/lum_change/9844_20201219_20201231_DeltaLumin_100m.tif,/Bhaltos/ASHWATH/SAR_data_formatted_v2/coh_change/9844_20201207_20201219_20201231_cohChange.tif,/Bhaltos/ASHWATH/SAR_data_formatted_v2/dnbr/S2B_L2A_T18NZJ_9844_20210105T151709_20210321T151701_100m_DNBR.TIF,/Bhaltos/ASHWATH/SAR_data_formatted_v2/binary_products/9844_FIREDpy_sar_combined_20201219_20201231.tif
/Bhaltos/ASHWATH/SAR_data_formatted_v2/lum_change/9844_20201231_20210112_DeltaLumin_100m.tif,/Bhaltos/ASHWATH/SAR_data_formatted_v2/coh_change/9844_20201219_20201231_20210112_cohChange.tif,/Bhaltos/ASHWATH/SAR_data_formatted_v2/dnbr/S2B_L2A_T19NBD_9844_20210115T151709_20210321T151701_100m_DNBR.TIF,/Bhaltos/ASHWATH/SAR_data_formatted_v2/binary_products/9844_FIREDpy_sar_combined_20201231_20210112.tif
/Bhaltos/ASHWATH/SAR_data_formatted_v2/lum_change/9844_20210107_20210119_DeltaLumin_100m.tif,/Bhaltos/ASHWATH/SAR_data_formatted_v2/coh_change/9844_20201226_20210107_20210119_cohChange.tif,/Bhaltos/ASHWATH/SAR_data_formatted_v2/dnbr/S2B_L2A_T18NZJ_9844_20210105T151709_20210321T151701_100m_DNBR.TIF,/Bhaltos/ASHWATH/SAR_data_formatted_v2/binary_products/9844_FIREDpy_sar_combined_20210107_20210119.tif
/Bhaltos/ASHWATH/SAR_data_formatted_v2/lum_change/9844_20210112_20210124_DeltaLumin_100m.tif,/Bhaltos/ASHWATH/SAR_data_formatted_v2/coh_change/9844_20201231_20210112_20210124_cohChange.tif,/Bhaltos/ASHWATH/SAR_data_formatted_v2/dnbr/S2B_L2A_T19NBD_9844_20210115T151709_20210321T151701_100m_DNBR.TIF,/Bhaltos/ASHWATH/SAR_data_formatted_v2/binary_products/9844_FIREDpy_sar_combined_20210112_20210124.tif
/Bhaltos/ASHWATH/SAR_data_formatted_v2/lum_change/9844_20210119_20210131_DeltaLumin_100m.tif,/Bhaltos/ASHWATH/SAR_data_formatted_v2/coh_change/9844_20210107_20210119_20210131_cohChange.tif,/Bhaltos/ASHWATH/SAR_data_formatted_v2/dnbr/S2B_L2A_T19NBD_9844_20210115T151709_20210321T151701_100m_DNBR.TIF,/Bhaltos/ASHWATH/SAR_data_formatted_v2/binary_products/9844_FIREDpy_sar_combined_20210119_20210131.tif
/Bhaltos/ASHWATH/SAR_data_formatted_v2/lum_change/9844_20210124_20210205_DeltaLumin_100m.tif,/Bhaltos/ASHWATH/SAR_data_formatted_v2/coh_change/9844_20210112_20210124_20210205_cohChange.tif,/Bhaltos/ASHWATH/SAR_data_formatted_v2/dnbr/S2B_L2A_T19NBD_9844_20210115T151709_20210321T151701_100m_DNBR.TIF,/Bhaltos/ASHWATH/SAR_data_formatted_v2/binary_products/9844_FIREDpy_sar_combined_20210124_20210205.tif
/Bhaltos/ASHWATH/SAR_data_formatted_v2/lum_change/9844_20210131_20210212_DeltaLumin_100m.tif,/Bhaltos/ASHWATH/SAR_data_formatted_v2/coh_change/9844_20210119_20210131_20210212_cohChange.tif,/Bhaltos/ASHWATH/SAR_data_formatted_v2/dnbr/S2B_L2A_T19NBD_9844_20210115T151709_20210321T151701_100m_DNBR.TIF,/Bhaltos/ASHWATH/SAR_data_formatted_v2/binary_products/9844_FIREDpy_sar_combined_20210131_20210212.tif
/Bhaltos/ASHWATH/SAR_data_formatted_v2/lum_change/9844_20210205_20210217_DeltaLumin_100m.tif,/Bhaltos/ASHWATH/SAR_data_formatted_v2/coh_change/9844_20210124_20210205_20210217_cohChange.tif,/Bhaltos/ASHWATH/SAR_data_formatted_v2/dnbr/S2B_L2A_T19NBD_9844_20210115T151709_20210321T151701_100m_DNBR.TIF,/Bhaltos/ASHWATH/SAR_data_formatted_v2/binary_products/9844_FIREDpy_sar_combined_20210205_20210217.tif
/Bhaltos/ASHWATH/SAR_data_formatted_v2/lum_change/9844_20210212_20210224_DeltaLumin_100m.tif,/Bhaltos/ASHWATH/SAR_data_formatted_v2/coh_change/9844_20210131_20210212_20210224_cohChange.tif,/Bhaltos/ASHWATH/SAR_data_formatted_v2/dnbr/S2B_L2A_T19NBD_9844_20210115T151709_20210321T151701_100m_DNBR.TIF,/Bhaltos/ASHWATH/SAR_data_formatted_v2/binary_products/9844_FIREDpy_sar_combined_20210212_20210224.tif
/Bhaltos/ASHWATH/SAR_data_formatted_v2/lum_change/9844_20210224_20210308_DeltaLumin_100m.tif,/Bhaltos/ASHWATH/SAR_data_formatted_v2/coh_change/9844_20210212_20210224_20210308_cohChange.tif,/Bhaltos/ASHWATH/SAR_data_formatted_v2/dnbr/S2B_L2A_T19NBD_9844_20210115T151709_20210321T151701_100m_DNBR.TIF,/Bhaltos/ASHWATH/SAR_data_formatted_v2/binary_products/9844_FIREDpy_sar_combined_20210224_20210308.tif
/Bhaltos/ASHWATH/SAR_data_formatted_v2/lum_change/9844_20210308_20210320_DeltaLumin_100m.tif,/Bhaltos/ASHWATH/SAR_data_formatted_v2/coh_change/9844_20210224_20210308_20210320_cohChange.tif,/Bhaltos/ASHWATH/SAR_data_formatted_v2/dnbr/S2B_L2A_T19NBD_9844_20210115T151709_20210321T151701_100m_DNBR.TIF,/Bhaltos/ASHWATH/SAR_data_formatted_v2/binary_products/9844_FIREDpy_sar_combined_20210308_20210320.tif
/Bhaltos/ASHWATH/SAR_data_formatted_v2/lum_change/9844_20210320_20210401_DeltaLumin_100m.tif,/Bhaltos/ASHWATH/SAR_data_formatted_v2/coh_change/9844_20210308_20210320_20210401_cohChange.tif,/Bhaltos/ASHWATH/SAR_data_formatted_v2/dnbr/S2B_L2A_T19NBD_9844_20210115T151709_20210321T151701_100m_DNBR.TIF,/Bhaltos/ASHWATH/SAR_data_formatted_v2/binary_products/9844_FIREDpy_sar_combined_20210320_20210401.tif
/Bhaltos/ASHWATH/SAR_data_formatted_v2/lum_change/9844_20210401_20210413_DeltaLumin_100m.tif,/Bhaltos/ASHWATH/SAR_data_formatted_v2/coh_change/9844_20210320_20210401_20210413_cohChange.tif,/Bhaltos/ASHWATH/SAR_data_formatted_v2/dnbr/S2B_L2A_T19NBD_9844_20210115T151709_20210321T151701_100m_DNBR.TIF,/Bhaltos/ASHWATH/SAR_data_formatted_v2/binary_products/9844_FIREDpy_sar_combined_20210401_20210413.tif
/Bhaltos/ASHWATH/SAR_data_formatted_v2/lum_change/9844_20210406_20210418_DeltaLumin_100m.tif,/Bhaltos/ASHWATH/SAR_data_formatted_v2/coh_change/9844_20210325_20210406_20210418_cohChange.tif,/Bhaltos/ASHWATH/SAR_data_formatted_v2/dnbr/S2B_L2A_T19NBD_9844_20210115T151709_20210321T151701_100m_DNBR.TIF,/Bhaltos/ASHWATH/SAR_data_formatted_v2/binary_products/9844_FIREDpy_sar_combined_20210406_20210418.tif
